Name,Place Type,Tier,Star,Status,Tags,City,Country,Town,Address,Latitude,Longitude,Apple ID,Source Guides,Conflict
1886 Cafe & Bakery,Restaurant,,,Visited,Breakfast & brunch,Austin,United States,Austin,"604 Brazos St, Austin, TX  78701, United States",30.2680142,-97.7416384,I1A3C4FF3BF3EF473,Breakfast___Brunch,
24 Diner,Restaurant,Fair,Yes,Visited,,Austin,United States,Austin,"600 N Lamar Blvd, Unit 200, Austin, TX 78703, United States",30.2720673,-97.754154,I8F59AE0FB7BEFAF8,Fair_Restaurants_; Michael_s_Top_Faves,
400 Rabbits,Outdoors & attraction,,,Visited,,Austin,United States,Austin,"5701 W Slaughter Ln, Austin, TX  78749, United States",30.1989561,-97.8690489,I5D9DAEDB62E9A277,Fun_Locations,
54th Street,Restaurant,Fair,,Visited,,Austin,United States,San Marcos,"1303 Interstate 35 Frontage Rd, San Marcos, TX 78666, United States",29.8666358,-97.9408398,IA94CED78BEEED7DC,Fair_Restaurants_,
54th Street,Restaurant,Fair,,Visited,,Austin,United States,Austin,"127 E Ralph Ablanedo Dr, Austin, TX  78745, United States",30.1726599,-97.7833951,IC72CBAE82D1997C,Fair_Restaurants_,
85°C Bakery Cafe,Restaurant,,,Visited,Breakfast & brunch,Austin,United States,Austin,"11301 Lakeline Blvd, Unit 140, Austin, TX 78717, United States",30.4793629,-97.7998696,I331A439B6EDFE607,Breakfast___Brunch,
85°C Bakery Cafe,Dessert,,,Visited,,Austin,United States,Austin,"6929 Airport Blvd, Unit 197, Austin, TX  78752, United States",30.3366266,-97.7177048,IC95B85167D3925ED,Dessert,
Aba,Restaurant,Experience,Yes,Visited,,Austin,United States,Austin,"1011 S Congress Ave Building 2, Ste 180, Austin, TX 78704, United States",30.2532705,-97.7479215,IFC9173A009E2A2FE,Experience_Spots; Michael_s_Top_Faves,
Alamo Drafthouse Cinema,Outdoors & attraction,,,Visited,,Austin,United States,Austin,"1120 S Lamar Blvd, Austin, TX  78704, United States",30.255759,-97.763697,IEA91D2C56FDB8A5D,Fun_Locations,
ALC Steaks,Restaurant,Destination,,Visited,,Austin,United States,Austin,"1205 N Lamar Blvd, Austin, TX 78703, United States",30.2775273,-97.7507759,I76F168F64358705D,Designation,
Allday,Restaurant,Fair,,Not visited,,Austin,United States,Austin,"4300 Speedway, Unit 103, Austin, TX  78751, United States",30.3069985,-97.7299351,IE4F14F25885511E7,Fair_Restaurants_; Try_List,TIER+UNVISITED
Alpine Haus Restaurant,Restaurant,Fair,,Visited,,Austin,United States,New Braunfels,"251 S Seguin Ave, New Braunfels, TX  78130, United States",29.7019441,-98.1223861,I7AEB47704CE3E8D9,Fair_Restaurants_,
An Nyeong K Tofu & Bbq,Restaurant,Fair,,Not visited,,Austin,United States,Austin,"5011 Burnet Rd, Austin, TX  78756, United States",30.3216449,-97.7390042,IA6E1401A448A8031,Fair_Restaurants_; Try_List,TIER+UNVISITED
Andice General Store,Restaurant,Fair,,Visited,,Austin,United States,Florence,"6500 FM-970, Florence, TX  76527, United States",30.7825906,-97.8526521,IA5D6192034F1D967,Fair_Restaurants_,
Angel’s Icehouse,Bar,Fair,,Visited,,Austin,United States,Spicewood,"21815 State Highway 71, Spicewood, TX 78669, United States",30.3643145,-98.0708463,ID09849EB19D8F88F,Fair_Bars,
Animal World & Snake Farm Zoo,Outdoors & attraction,,,Visited,,Austin,United States,New Braunfels,"5640 S Interstate 35, New Braunfels, TX 78132, United States",29.6558918,-98.1870192,I2B62800CBFCDEBFD,Fun_Locations,
Ani’s Day & Night,Restaurant,,,Visited,Breakfast & brunch,Austin,United States,Austin,"7107 E Riverside Dr, Austin, TX  78741, United States",30.221016,-97.695625,I509CA94CFB020120,Breakfast___Brunch,
Another Broken Egg Cafe,Restaurant,,,Visited,Breakfast & brunch,Austin,United States,Austin,"6406 N IH-35 Service Rd, Ste 1600, Austin, TX  78752, United States",30.3263421,-97.7077901,I79BB549D818FD1E,Breakfast___Brunch,
Anthem,Restaurant,Fair,,Not visited,,Austin,United States,Austin,"91 Rainey St, Unit 120, Austin, TX 78701, United States",30.2606754,-97.7379348,I568A6FC5FE2DE4C3,Fair_Restaurants_; Try_List,TIER+UNVISITED
APT 115,Restaurant,Experience,,Visited,,Austin,United States,Austin,"2025 E 7th St, Unit 115, Austin, TX  78702, United States",30.2617627,-97.7195725,I65FB0B48036C6BC6,Experience_Spots,
Aris,Restaurant,Experience,,Visited,,Austin,United States,Austin,"1111 W 6th St, Austin, TX  78703, United States",30.2721376,-97.756176,I4383150CCF7D2C8E,Experience_Spots,
Arlo Grey,Restaurant,Destination,,Visited,,Austin,United States,Austin,"111 E Cesar Chavez St, Austin, TX  78701, United States",30.2628112,-97.74392,I384615E3EFF490AC,Designation,
Asado's Taqueria,Food truck,,,Visited,,Austin,United States,Austin,"6726 Burnet Rd, Austin, TX  78757, United States",30.3437643,-97.7388543,IAC75ADE08897F23D,Food_Trucks,
Austhentico,Food truck,,,Visited,,Austin,United States,Austin,"308 Congress Ave, Austin, TX  78701, United States",30.2657208,-97.7440041,I5885474B6E6BB97B,Food_Trucks,
Austin Beerworks,Bar,Fair,,Visited,,Austin,United States,Austin,"3001 Industrial Terrace, Austin, TX 78758, United States",30.3794652,-97.7298549,I2770C81A64573C36,Fair_Bars,
Austin Galleries,Outdoors & attraction,,,Visited,,Austin,United States,Austin,"5804 Lookout Mountain Dr, Austin, TX  78731, United States",30.3432168,-97.7798544,I3FB0B56C9F304CF2,Fun_Locations,
Austin Nature & Science Center,Outdoors & attraction,,,Visited,,Austin,United States,Austin,"2389 Stratford Dr, Austin, TX 78746, United States",30.2720968,-97.7749792,I7C4C9C5A9BA5927,Fun_Locations,
Austin Paintball,Outdoors & attraction,,,Visited,,Austin,United States,Dripping Springs,"4150 East Hwy 290, Dripping Springs, TX 78620, United States",30.1962811,-98.0149126,I94EFEAE178D7CDCC,Fun_Locations,
Austin Proper Hotel,Bar,Cool,,Visited,,Austin,United States,Austin,"600 W 2nd St, Austin, TX 78701, United States",30.266141,-97.750097,I71E128F0495790FA,Cool_Bars,
Austin Rowing Club,Outdoors & attraction,,,Visited,,Austin,United States,Austin,"74 Trinity St, Austin, TX  78701, United States",30.2605592,-97.7418315,IDAF45E2B4E769625,Fun_Locations,
Azul Rooftop,Bar,,,Visited,Rooftop,Austin,United States,Austin,"310 E Fifth St, Austin, TX  78701, United States",30.26662,-97.740375,I575C8F9BE6D61D30,Rooftop,
Baguette et Chocolat,Restaurant,,,Visited,Breakfast & brunch,Austin,United States,Bee Cave,"12101 FM 2244, Unit 6, Bee Cave, TX 78738, United States",30.3071516,-97.927258,I3881FF4BBF8A36D3,Breakfast___Brunch,
Balcones Canyonlands,Outdoors & attraction,,,Visited,,Austin,United States,Marble Falls,"24518 FM 1431, Marble Falls, TX 78654, United States",30.5746765,-98.026886,I87B9CC34148E5B6C,Fun_Locations,
Banger’s,Bar,Fair,,Visited,,Austin,United States,Austin,"79 Rainey St, Austin, TX  78701, United States",30.2589538,-97.7385428,I14238ADEF0C70BBB,Fair_Bars,
Bar Peached,Bar,Fair,,Not visited,,Austin,United States,Austin,"1315 W 6th St, Austin, TX  78703, United States",30.2735413,-97.7600116,I434219F15520571C,Fair_Bars; Fair_Restaurants_; Try_List,TIER+UNVISITED
Bar Toti,Restaurant,Fair,,Visited,,Austin,United States,Austin,"2113 Manor Rd, Austin, TX  78722, United States",30.283915,-97.719536,I62DBEBFD8F40EAFD,Fair_Restaurants_,
Bartlett's,Restaurant,Fair,,Visited,,Austin,United States,Austin,"2408 W Anderson Ln, Austin, TX 78757, United States",30.3567308,-97.7312154,I852FC1C6B5B33CBA,Fair_Restaurants_,
Barton Springs Pool,Outdoors & attraction,,,Visited,,Austin,United States,Austin,"2131 William Barton Dr, Austin, TX 78746, United States",30.2637516,-97.7706707,I8281EDAE093A6E36,Fun_Locations,
Batch - Craft Beer and Kolaches,Restaurant,Fair,,Visited,,Austin,United States,Austin,"3220 Manor Rd, Austin, TX  78723, United States",30.2872027,-97.7031648,IFE8D1A09E9C369F0,Fair_Restaurants_,
Beerburg Brewing,Bar,Fair,,Visited,,Austin,United States,Austin,"13476 Fitzhugh Rd, Austin, TX  78736, United States",30.2343597,-98.0037941,IAEE6338306653E31,Fair_Bars,
Bellissima,Restaurant,Fair,,Visited,,Austin,United States,Austin,"8300 N FM 620, Bldg K Unit 200, Austin, TX  78726, United States",30.4200642,-97.8467757,IDFA963CCAD4DBDB2,Fair_Restaurants_,
Biscuits + Groovy,Food truck,,,Visited,,Austin,United States,Austin,"1210 Barton Springs Rd, Austin, TX  78704, United States",30.2610087,-97.75756,ICF22F7E881222786,Food_Trucks,
Bitelo Brazilian SteakHouse,Restaurant,Fair,,Visited,,Austin,United States,Cedar Park,"1850 S Lakeline Blvd, Ste 200, Cedar Park, TX  78613, United States",30.4816147,-97.8293718,ICA390F504AE1FE00,Fair_Restaurants_,
BLK Vinyl,Outdoors & attraction,,,Visited,,Austin,United States,Austin,"2505 E 6th St, Unit F, Austin, TX 78702, United States",30.2585952,-97.714088,I9A30D20694FE9EC5,Fun_Locations,
Blue Dahlia Bistro,Restaurant,Fair,,Visited,,Austin,United States,San Marcos,"107 E Hopkins St, San Marcos, TX  78666, United States",29.8833051,-97.9411117,I5F6B778CC08D1B5C,Fair_Restaurants_,
Blue Room,Bar,Cool,,Visited,,Austin,United States,Austin,"200 Lavaca St, Austin, TX  78701, United States",30.2654625,-97.7466998,I468ABDAD0100B340,Cool_Bars,
BOA Steakhouse,Restaurant,Destination,,Visited,,Austin,United States,Austin,"300 W 6th St, Austin, TX  78701, United States",30.2690982,-97.7455407,IAEE4D8762EB01CA3,Designation,
Bob Wentz Park,Outdoors & attraction,,,Visited,,Austin,United States,Austin,"7144 Comanche Trail, Austin, TX 78732, United States",30.4144042,-97.899462,I62ECDD985C4BCECF,Fun_Locations,
Bread Boat,Restaurant,Fair,,Not visited,,Austin,United States,Austin,"1912 E 7th St, Austin, TX 78702, United States",30.2625836,-97.7207957,IE0B97989EF07B5C4,Fair_Restaurants_; Try_List,TIER+UNVISITED
Briscuits,Food truck,,,Visited,,Austin,United States,Austin,"4204 Menchaca Rd, Austin, TX  78704, United States",30.231485,-97.7877013,IF6FEB28458CEC445,Food_Trucks,
Bufalina,Restaurant,Fair,,Visited,,Austin,United States,Austin,"2215 E Cesar Chavez St, Austin, TX 78702, United States",30.2551598,-97.7196887,IB35782D0DCE47EBE,Fair_Restaurants_,
Bufalina Due,Restaurant,Fair,,Visited,,Austin,United States,Austin,"6555 Burnet Rd, Austin, TX  78757, United States",30.3410745,-97.738401,I4AF587865E898F1F,Fair_Restaurants_,
BussinBuns,Food truck,,,Visited,,Austin,United States,Austin,"1805 Airport Blvd, Austin, TX  78702, United States",30.2815356,-97.7028652,I1A282776B8EC39BA,Food_Trucks,
Butler Metro Park,Outdoors & attraction,,,Visited,,Austin,United States,Austin,"1000 Barton Springs Rd, Austin, TX  78704, United States",30.2618843,-97.7543197,IF0AE3A68EE1F7E69,Fun_Locations,
Cabana Club,Restaurant,,,Visited,Breakfast & brunch,Austin,United States,Austin,"5012 E 7th St, Austin, TX  78702, United States",30.2543385,-97.6977753,I96E405EDBF3E0F20,Breakfast___Brunch,
Café Blue,Restaurant,Fair,,Visited,,Austin,United States,Bee Cave,"12800 Hill Country Blvd, Unit G-115, Bee Cave, TX 78738, United States",30.3094516,-97.9399666,I86B492B720B540F1,Fair_Restaurants_,
Canje,Restaurant,Destination,Yes,Visited,,Austin,United States,Austin,"1914 E 6th St, Unit C, Austin, TX  78702, United States",30.2616137,-97.7215407,ID5CAE77B056BE09E,Designation; Michael_s_Top_Faves,
Captain Pete's Boathouse,Restaurant,Fair,,Visited,,Austin,United States,Point Venture,"18200 Lakepoint Cove, Point Venture, TX 78645, United States",30.3791187,-97.9937505,IBDA3392077C588EA,Fair_Restaurants_,
Caroline,Bar,,,Visited,Rooftop,Austin,United States,Austin,"109 E 7th St, Austin, TX  78701, United States",30.2687702,-97.7423695,I6E7D0476970FCE4B,Rooftop,
Carpenters Hall,Restaurant,,,Visited,Breakfast & brunch,Austin,United States,Austin,"400 Josephine St, Austin, TX  78704, United States",30.2620719,-97.7588339,I1197382032621322,Breakfast___Brunch,
Casa Bianca,Restaurant,Fair,,Visited,,Austin,United States,Austin,"1510 E Cesar Chavez St, Austin, TX  78702, United States",30.258774,-97.7288302,I2B852504B5AA719,Fair_Restaurants_,
Casa De Luz,Restaurant,Fair,,Visited,,Austin,United States,Austin,"1701 Toomey Rd, Austin, TX  78704, United States",30.2644,-97.761597,I7B46C93EEA7CED14,Fair_Restaurants_,
Chapulín Cantina,Restaurant,Fair,,Visited,,Austin,United States,Austin,"1610 S Congress Ave, Austin, TX  78704, United States",30.2472811,-97.7508485,I5B087EDC731C5089,Fair_Restaurants_,
Chess Club,Bar,Fair,,Visited,,Austin,United States,Austin,"617 Red River St, Austin, TX  78701, United States",30.2672557,-97.736757,IE9B6540417B3910,Fair_Bars,
Chez Zee American Bistro,Restaurant,Fair,,Visited,,Austin,United States,Austin,"5406 Balcones Dr, Austin, TX  78731, United States",30.3367335,-97.7579221,IEBD2FA8F8870A154,Fair_Restaurants_,
Cidercade,Outdoors & attraction,,,Visited,,Austin,United States,Austin,"600 E Riverside Dr, Austin, TX 78704, United States",30.2524767,-97.7410127,IFE4A91327CB1B55D,Fun_Locations,
Cipollina,Restaurant,Fair,,Not visited,,Austin,United States,Austin,"1213 West Lynn, Austin, TX 78703, United States",30.2805364,-97.7585115,IAC2005A56A5867F5,Fair_Restaurants_; Try_List,TIER+UNVISITED
CJ’s Tacos,Food truck,,,Visited,,Austin,United States,Austin,"5804 Burleson Rd, Austin, TX 78744, United States",30.2080599,-97.7212377,ICB4837FEC5A675BC,Food_Trucks,
Clay Pit,Restaurant,Destination,,Visited,,Austin,United States,Austin,"1601 Guadalupe St, Austin, TX  78701, United States",30.2789456,-97.7424463,I3AD96F11B582A2B4,Designation,
Codependent,Bar,Cool,,Visited,,Austin,United States,Austin,"301 West Ave, Ste 110, Austin, TX  78701, United States",30.2674305,-97.7507224,IBAEB0E5A8CD437B6,Cool_Bars,
Cody's Restaurant Bar & Patio,Restaurant,Fair,,Visited,,Austin,United States,San Marcos,"690 Centerpoint Rd, Unit 209, San Marcos, TX 78666, United States",29.828241,-97.987457,ID275DEF7BD24E53A,Fair_Restaurants_,
Colleen's Kitchen,Restaurant,Fair,Yes,Visited,Breakfast & brunch,Austin,United States,Austin,"1911 Aldrich St, Unit 100, Austin, TX 78723, United States",30.2983298,-97.704638,IB038C71B9C8B026D,Breakfast___Brunch; Fair_Restaurants_; Michael_s_Top_Faves,
Comadre Panaderia,Restaurant,,,Visited,Breakfast & brunch,Austin,United States,Austin,"1204 Cedar Ave, Austin, TX  78702, United States",30.2752571,-97.7133934,I53682185C8509FEC,Breakfast___Brunch,
Comedor,Restaurant,Experience,Yes,Visited,,Austin,United States,Austin,"501 Colorado St, Austin, TX  78701, United States",30.2676899,-97.7441436,I6EFBC8C3A6E5A6D7,Experience_Spots; Michael_s_Top_Faves,
"Commodore Perry Estate, Auberge Collection",Hotel,,,Visited,,Austin,United States,Austin,"4100 Red River St, Austin, TX 78751, United States",30.3006842,-97.722201,I2576DC2D52EA5400,Hotels,
Commons Ford Ranch Metropolitan Park,Outdoors & attraction,,,Visited,,Austin,United States,Austin,"614 N Commons Ford Rd, Austin, TX 78733, United States",30.3393685,-97.8928614,ICA4B5A790BCE58D0,Fun_Locations,
Corinne Austin,Restaurant,Fair,,Visited,,Austin,United States,Austin,"304 E Cesar Chavez St, Austin, TX  78701, United States",30.2627011,-97.7415763,IAFA7681800010C79,Fair_Restaurants_,
Cosmic,Restaurant,,,Visited,Breakfast & brunch,Austin,United States,Austin,"121 Pickle Rd, Ste 111, Austin, TX 78704, United States",30.2267999,-97.7625379,IE02F63E157324283,Breakfast___Brunch,
Cosmic Saltillo,Bar,Fair,,Visited,,Austin,United States,Austin,"1300 E 4th St, Austin, TX  78702, United States",30.2623281,-97.7301707,IC1DBA5D57997A385,Fair_Bars,
Cousin Louie's Italian American,Restaurant,Fair,,Visited,,Austin,United States,Austin,"165 Hargraves Dr, Ste T100, Austin, TX  78737, United States",30.2052555,-97.9771103,I91CC79E73AF120EE,Fair_Restaurants_,
Cowboys & Cadillacs,Bar,Fair,,Visited,,Austin,United States,New Braunfels,"125 N Castell Ave, New Braunfels, TX  78130, United States",29.7020905,-98.1259501,I8F3E9FC7321A9112,Fair_Bars,
Craft Omakase,Restaurant,Experience,,Not visited,,Austin,United States,Austin,"4400 N Lamar Blvd, Unit 102, Austin, TX  78756, United States",30.3126655,-97.7386115,I37CC5572B6372D26,Experience_Spots; Try_List,TIER+UNVISITED
Creekhouse,Restaurant,Fair,,Visited,,Austin,United States,Wimberley,"14015 Ranch Rd 12, Wimberley, TX 78676, United States",29.9960361,-98.0975729,I63A101E0BCC3E28C,Fair_Restaurants_,
Crêpe Crazy,Restaurant,,,Visited,Breakfast & brunch,Austin,United States,Austin,"3103 S Lamar Blvd, Austin, TX 78704, United States",30.2416163,-97.7847409,IB580267F3CC1BE63,Breakfast___Brunch,
Cuantos Tacos,Food truck,,,Visited,,Austin,United States,Austin,"1108 E 12th St, Austin, TX  78702, United States",30.2728001,-97.7282386,ICF8C3BA499032B0F,Food_Trucks,
Dai Due,Grocery,Destination,,Visited,,Austin,United States,Austin,"2406 Manor Rd, Austin, TX  78722, United States",30.2848806,-97.7168107,I2D6AF7D758FAA45D,Designation; Grocery,
Daisy Lounge,Bar,Cool,,Visited,,Austin,United States,Austin,"5701 W Slaughter Ln, Ste D, Austin, TX  78749, United States",30.2000625,-97.8680016,I5BF441DF6606444A,Cool_Bars,
David Doughie’s Bagelry,Restaurant,,,Visited,Breakfast & brunch,Austin,United States,Austin,"2427 Webberville Rd, Austin, TX  78702, United States",30.2627485,-97.7143523,IB18EF45EB2487A6F,Breakfast___Brunch,
Day Maker Half Day Cafe,Restaurant,,,Visited,Breakfast & brunch,Austin,United States,Austin,"1101 S Mopac Frontage Rd, Austin, TX  78746, United States",30.2651533,-97.7814975,I8B4C4B22867541B7,Breakfast___Brunch,
daydreamer,Bar,Cool,,Visited,,Austin,United States,Austin,"1708 E 6th St, Austin, TX  78702, United States",30.2622805,-97.7235523,IEABD3B82C264926D,Cool_Bars,
Days pizza,Food truck,,,Visited,,Austin,United States,Austin,"7800 South 1st St, Austin, TX  78745, United States",30.1847592,-97.7924625,I5047BBD1A963A285,Food_Trucks,
Dean's Italian Steakhouse,Restaurant,Destination,,Visited,,Austin,United States,Austin,"110 E 2nd St, Austin, TX  78701, United States",30.2640915,-97.7430616,IEA7CCD812AE21B63,Designation,
DeSano Pizzeria Napoletana,Restaurant,Fair,,Visited,,Austin,United States,Austin,"301 Lavaca St, Unit 200, Austin, TX 78701, United States",30.2662671,-97.7459196,I8A67604555A72099,Fair_Restaurants_,
Devil May Care,Bar,Fair,,Visited,,Austin,United States,Austin,"500 W 6th St, Austin, TX  78701, United States",30.269625,-97.747498,I7B55BE39F55453A7,Fair_Bars,
Dia's Market,Grocery,,,Visited,,Austin,United States,Austin,"812 Justin Ln, Austin, TX  78757, United States",30.3373853,-97.7204237,IA8CD62BD201A9131,Grocery,
Discada,Food truck,,,Visited,,Austin,United States,Austin,"1700 E Cesar Chavez St, Austin, TX  78702, United States",30.2579562,-97.7263109,IDED3E9709DF0737E,Food_Trucks,
Distant Relatives,Food truck,,,Visited,,Austin,United States,Austin,"3901 Promontory Point Dr, Austin, TX  78744, United States",30.2087618,-97.7294719,I97A0725018E4A240,Food_Trucks,
District Kitchen + Cocktails,Restaurant,Fair,,Visited,,Austin,United States,Austin,"7858 Shoal Creek Blvd, Unit B, Austin, TX  78757, United States",30.3606931,-97.741558,I8D1815AE37AE0DF6,Fair_Restaurants_,
District Kitchen+Cocktails,Restaurant,Fair,,Visited,,Austin,United States,Austin,"5900 W Slaughter Ln, Unit D500, Austin, TX  78749, United States",30.2015057,-97.8796476,I503C1967C50A7851,Fair_Restaurants_,
DK Sushi South & Seoul Korean Restaurant,Restaurant,Fair,,Not visited,,Austin,United States,Austin,"6400 S 1st St, Ste C, Austin, TX  78745, United States",30.2002633,-97.7862304,IB51D1632193F000F,Fair_Restaurants_; Try_List,TIER+UNVISITED
Dos Olivos Market,Restaurant,Fair,,Visited,,Austin,United States,Austin,"12680 W US Highway 290, Austin, TX  78737, United States",30.2053137,-97.9816298,I9EBF4ADC98E195CD,Fair_Restaurants_,
Dos Olivos Market,Restaurant,Fair,,Visited,,Austin,United States,Buda,"306 S Main St, Unit 104, Buda, TX 78610, United States",30.0775708,-97.8454131,I25EEFE59D206E2CF,Fair_Restaurants_,
Dovetail Pizza,Restaurant,Fair,,Visited,,Austin,United States,Austin,"1816 S 1st St, Austin, TX  78704, United States",30.2468132,-97.7563679,I3C1402B9E50B99A9,Fair_Restaurants_,
DrinkWell,Bar,Fair,,Visited,,Austin,United States,Austin,"207 E 53rd St, Austin, TX  78751, United States",30.317223,-97.720627,I52B7B52D34DAC1F1,Fair_Bars,
Dumont's Down Low,Bar,Cool,,Visited,,Austin,United States,Austin,"214 W 4th St, Ste B, Austin, TX  78701, United States",30.2668959,-97.7454244,ID5C09500B399F31D,Cool_Bars,
Easy Tiger,Restaurant,,,Visited,Breakfast & brunch,Austin,United States,Austin,"3508 S Lamar Blvd, Unit 300, Austin, TX  78704, United States",30.240091,-97.7884269,ICDE71AE587CBC56,Breakfast___Brunch,
Easy Tiger,Bar,Fair,,Visited,,Austin,United States,Austin,"6406 N Interstate 35 Frontage Rd, Unit 1100, Austin, TX 78752, United States",30.3273042,-97.7072295,I6DF2460ECABACB7A,Fair_Bars,
Eden Cocktail Room,Bar,Cool,,Visited,,Austin,United States,Austin,"214 E 6th St, Austin, TX  78701, United States",30.2676411,-97.7408268,IE0A7CD0B063FC1D7,Cool_Bars,
Edge Rooftop,Bar,Fair,,Visited,Rooftop,Austin,United States,Austin,"110 E 2nd St, Austin, TX  78701, United States",30.2645462,-97.7434251,IF67B5636A7A8A2D6,Fair_Bars; Fair_Restaurants_; Rooftop,
El Alma,Restaurant,Fair,,Visited,Breakfast & brunch,Austin,United States,Austin,"1025 Barton Springs Rd, Austin, TX  78704, United States",30.2601184,-97.7556586,I728D7134A7827FDA,Breakfast___Brunch; Fair_Restaurants_,
El Chile Café Y Cantina,Restaurant,Fair,,Visited,,Austin,United States,Austin,"1900 Manor Rd, Austin, TX  78722, United States",30.2840204,-97.7217332,IB8B7B6AC438747EB,Fair_Restaurants_,
El Cockfight,Bar,,,Visited,Rooftop,Austin,United States,Austin,"121 E 5th St, Austin, TX  78701, United States",30.2665686,-97.7421749,I52298D9104A676C7,Rooftop,
El Gaucho Winery,Winery,,,Visited,,Austin,United States,Spicewood,"21301 Kathy Ln, Spicewood, TX  78669, United States",30.3776864,-98.0501921,IE43BF3A2E97E17E1,Wineries,
El Naranjo,Restaurant,Fair,,Visited,,Austin,United States,Austin,"2717 S Lamar Blvd, Unit 1085, Austin, TX 78704, United States",30.2441829,-97.7809589,I667963F1B76E5591,Fair_Restaurants_,
El Raval,Restaurant,Destination,,Visited,,Austin,United States,Austin,"1500 S Lamar Blvd, Unit 150, Austin, TX 78704, United States",30.2523399,-97.7644891,I72712544858EBD0D,Designation,
Elephant Room,Outdoors & attraction,,,Visited,,Austin,United States,Austin,"315 Congress Ave, Austin, TX  78701, United States",30.265632,-97.7433748,I1AFFCF685D3C99AE,Fun_Locations,
Ember Kitchen,Restaurant,Destination,,Visited,,Austin,United States,Austin,"800 W Cesar Chavez St, Unit PP110, Austin, TX 78701, United States",30.2668848,-97.752783,ICA3734CA9AC4D1A6,Designation,
Emerald Tavern Games and Cafe,Outdoors & attraction,,,Visited,,Austin,United States,Austin,"9012 Research Blvd, Unit C1, Austin, TX 78758, United States",30.3714821,-97.724542,I707DE7AF826A7A3,Fun_Locations,
Emmer & Rye,Restaurant,Destination,,Visited,,Austin,United States,Austin,"51 Rainey St, Unit 110, Austin, TX 78701, United States",30.2574169,-97.7390618,I797F9CA6BF115F4C,Designation,
Equipment Room,Bar,Cool,,Visited,,Austin,United States,Austin,"1101 Music Ln, Austin, TX  78704, United States",30.252706,-97.7477229,IE49027D2751385CA,Cool_Bars,
Este,Restaurant,Fair,,Visited,,Austin,United States,Austin,"2113 Manor Rd, Austin, TX  78722, United States",30.2839984,-97.7195545,I13DFEB1C6CDE3396,Fair_Restaurants_,
Ezov,Restaurant,Experience,Yes,Visited,,Austin,United States,Austin,"2708 E Cesar Chavez St, Austin, TX  78702, United States",30.2534496,-97.7135143,I32D29F09541EACA3,Experience_Spots; Michael_s_Top_Faves,
Fabrik,Restaurant,Destination,,Visited,,Austin,United States,Austin,"1701 E Martin Luther King Jr Blvd, Ste 102, Austin, TX 78702, United States",30.279275,-97.7229734,IF933ED8DB4852985,Designation,
Fair Lane Cocktails & Coffee,Restaurant,,,Visited,Breakfast & brunch,Austin,United States,Dripping Springs,"29035 Ranch Road 12, Dripping Springs, TX  78620, United States",30.2099656,-98.0885389,IB6AF77827DA61823,Breakfast___Brunch,
Favorite Pizza,Restaurant,Fair,,Visited,,Austin,United States,Austin,"801 W 6th St, Austin, TX  78703, United States",30.2702038,-97.7508121,IC508B15FF4FBF9C,Fair_Restaurants_,
Feral Pizza,Restaurant,Fair,,Visited,,Austin,United States,Austin,"500 E 51st St, Austin, TX  78751, United States",30.3140474,-97.7190572,IFCE56BF44B5C0CEF,Fair_Restaurants_,
Finley's,Restaurant,Fair,,Visited,,Austin,United States,Round Rock,"410 W Main St, Round Rock, TX  78664, United States",30.5076732,-97.6829054,I4E6996B3EAC21C9A,Fair_Restaurants_,
Firehouse Lounge,Bar,Cool,,Not visited,,Austin,United States,Austin,"605 Brazos St, Austin, TX  78701, United States",30.2681766,-97.7410475,I20BB96BC9CF277C3,Cool_Bars; Try_List,TIER+UNVISITED
First Light Books,Outdoors & attraction,,,Visited,,Austin,United States,Austin,"4300 Speedway, Austin, TX  78751, United States",30.3069791,-97.729769,IBC01B77B2643B5FA,Fun_Locations,
First Watch,Restaurant,,,Visited,Breakfast & brunch,Austin,United States,Cedar Park,"1320 E Whitestone Blvd, Ste 600, Cedar Park, TX  78613, United States",30.525176,-97.813857,I3D65732C69869FAF,Breakfast___Brunch,
Fixe Southern House,Restaurant,Destination,,Visited,,Austin,United States,Austin,"500 W 5th St, Austin, TX 78701, United States",30.2688316,-97.7481585,I70B5BC510B84898B,Designation,
Flo's Wine Bar & Bottle Shop,Restaurant,Fair,,Not visited,,Austin,United States,Austin,"3111 W 35th St, Austin, TX  78703, United States",30.3132509,-97.7668815,IB0A1596FF90DB9E8,Fair_Restaurants_; Try_List,TIER+UNVISITED
Folklore Spa,Outdoors & attraction,,,Visited,,Austin,United States,Dripping Springs,"3509 Creek Rd, Dripping Springs, TX  78620, United States",30.1814967,-98.1470262,I39FFA66282E673E,Fun_Locations; Hotels,
Fonda San Miguel,Unclassified,,,Not visited,,Austin,United States,Austin,"2330 W North Loop Blvd, Austin, TX  78756, United States",30.3254954,-97.7434811,I56DDA3514FC2F444,Try_List,
Foreign & Domestic,Restaurant,Fair,,Visited,,Austin,United States,Austin,"306 E 53rd St, Austin, TX  78751, United States",30.3170812,-97.7196156,IA826743FF9A35DF5,Fair_Restaurants_,
Form + Function Massage,Outdoors & attraction,,,Visited,,Austin,United States,Austin,"900 E 6th St, Unit 103, Austin, TX 78702, United States",30.2654714,-97.7331476,I2A21240E4FD052C0,Fun_Locations,
Franklin Barbecue,Restaurant,Destination,,Visited,,Austin,United States,Austin,"900 E 11th St, Austin, TX 78702, United States",30.2700843,-97.7312786,IAA409CDF9D3555A9,Designation,
Freda's Seafood Grille,Restaurant,Fair,,Visited,,Austin,United States,Austin,"10903 Pecan Park Blvd, Austin, TX  78750, United States",30.463987,-97.803847,I6BAD4F2AA7417390,Fair_Restaurants_,
Freddo ATX,Bar,Fair,,Visited,,Austin,United States,Austin,"2336 S Congress Ave, Austin, TX  78704, United States",30.2391733,-97.7535465,IDE9FE47B94EAC15E,Fair_Bars,
Friedhelm's Bavarian Inn,Restaurant,Fair,,Visited,,Austin,United States,Fredericksburg,"905 W Main St, Fredericksburg, TX  78624, United States",30.2849561,-98.8868988,IF763FDCDB7E2A00,Fair_Restaurants_,
Frontyard Brewing,Bar,Fair,,Visited,,Austin,United States,Spicewood,"4514 Bob Wire Rd, Spicewood, TX  78669, United States",30.3581871,-98.0560622,IAD551F7F4DDA51E9,Fair_Bars,
Fukumoto,Restaurant,Fair,,Visited,,Austin,United States,Austin,"514 Medina St, Austin, TX  78702, United States",30.2647597,-97.7319568,ID8A444C55D6B7659,Fair_Restaurants_,
Garage,Bar,Fair,,Visited,,Austin,United States,Austin,"503 Colorado St, Austin, TX  78701, United States",30.2678726,-97.7441783,IA8EAD4BDE0425EC,Fair_Bars,
Garrison,Restaurant,Experience,,Not visited,,Austin,United States,Austin,"101 Red River St, Austin, TX  78701, United States",30.2619965,-97.7380364,I5AF3D328595B78E0,Experience_Spots; Try_List,TIER+UNVISITED
Gelato Paradiso,Dessert,,,Visited,,Austin,United States,Austin,"1400 S Congress Ave, Suite B160, Austin, TX 78704, United States",30.2496885,-97.7501357,I594952DD0155BE5E,Dessert,
Geraldine's,Restaurant,Experience,Yes,Visited,Breakfast & brunch,Austin,United States,Austin,"605 Davis St, Austin, TX  78701, United States",30.2600314,-97.7392416,I34A688EB96B3F4BF,Breakfast___Brunch; Experience_Spots; Michael_s_Top_Faves,
Gil's Broiler & The Manske Roll Bakery,Dessert,,,Visited,,Austin,United States,San Marcos,"328 N LBJ Dr, San Marcos, TX 78666, United States",29.8850089,-97.9402587,IC1BC5C372D19DFF8,Dessert,
Gina's on Congress,Restaurant,Fair,Yes,Visited,,Austin,United States,Austin,"314 Congress Ave, Austin, TX  78701, United States",30.2658621,-97.7439022,IC551BACADCF551FA,Fair_Restaurants_; Michael_s_Top_Faves,
Grata’s Pizzeria,Restaurant,Fair,,Visited,,Austin,United States,Austin,"2700 S Lamar Blvd, Austin, TX  78704, United States",30.2453705,-97.7804454,I4A74800A1DAA8060,Fair_Restaurants_,
Green Gate Farms,Grocery,,,Visited,,Austin,United States,Austin,"8310 Canoga Ave, Austin, TX  78724, United States",30.2859667,-97.6347323,I6855400C968AA52F,Grocery,
Grizzelda's,Restaurant,Fair,,Visited,,Austin,United States,Austin,"105 Tillery St, Austin, TX  78702, United States",30.2521352,-97.7082883,IE0886F4BA92D7788,Fair_Restaurants_,
Group Therapy,Restaurant,,,Visited,Breakfast & brunch,Austin,United States,Austin,"400 Lavaca St, Austin, TX 78701, United States",30.2671872,-97.7464516,IB6C33456E95FC033,Breakfast___Brunch,
Gràcia Mediterranean,Restaurant,Fair,,Visited,,Austin,United States,Austin,"4800 Burnet Rd, Ste 450, Austin, TX  78756, United States",30.319075,-97.739501,IB1493E28346897BB,Fair_Restaurants_,
Guadalupe Brewing Company & Pizza Kitchen,Bar,Fair,,Visited,,Austin,United States,New Braunfels,"1586 Wald Rd, New Braunfels, TX 78132, United States",29.6845536,-98.1636866,IC068DE7FDC60CB41,Fair_Bars,
Gusto Italian Kitchen,Restaurant,Fair,,Visited,,Austin,United States,Austin,"4800 Burnet Rd, Austin, TX  78756, United States",30.318356,-97.740044,I6FE21DB68E5715A2,Fair_Restaurants_,
Hattie B's Hot Chicken,Restaurant,Fair,,Visited,,Austin,United States,Austin,"2529 S Lamar Blvd, Austin, TX  78704, United States",30.2457705,-97.7782563,I2785FAEFC37F30EC,Fair_Restaurants_,
Haywire,Restaurant,Destination,Yes,Visited,,Austin,United States,Austin,"11501 Rock Rose Ave, Unit 100, Austin, TX  78758, United States",30.4004691,-97.7227718,IDE74E6260E0C1152,Designation; Michael_s_Top_Faves,
Here Nor There,Bar,Cool,,Visited,,Austin,United States,Austin,"612 Brazos St, Austin, TX  78701, United States",30.2683524,-97.7413943,I831B26DC83A9FACB,Cool_Bars,
Hestia,Restaurant,Experience,Yes,Visited,,Austin,United States,Austin,"607 W 3rd St, Unit 105, Austin, TX  78701, United States",30.2667207,-97.7499696,I1D115A5889AC3794,Experience_Spots; Michael_s_Top_Faves,
Heydey Social Club,Bar,,,Visited,Rooftop,Austin,United States,Austin,"721 Congress Ave, Austin, TX  78701, United States",30.2697391,-97.7419381,IB6ACE3C309107BC0,Rooftop,
Hillside Farmacy,Restaurant,,,Visited,Breakfast & brunch,Austin,United States,Austin,"1209 E 11th St, Austin, TX  78702, United States",30.2682378,-97.7268818,I96048C4AF9EDDE9A,Breakfast___Brunch,
Holiday,Bar,Cool,,Visited,,Austin,United States,Austin,"5020 E 7th St, Austin, TX  78702, United States",30.2536988,-97.6975879,I6FDB2FA41B58B18A,Cool_Bars,
Holla Mode,Dessert,,,Visited,,Austin,United States,Austin,"1800 Barton Springs Rd, Austin, TX  78704, United States",30.2640397,-97.763712,IDB6B82BAA82CFAA9,Dessert,
Hopfields,Restaurant,Fair,,Visited,,Austin,United States,Austin,"3110 Guadalupe St, Unit 400, Austin, TX 78705, United States",30.2985615,-97.7409416,I7939278E1DE13CD6,Fair_Restaurants_,
Hotel Saint Cecilia,Hotel,,,Visited,,Austin,United States,Austin,"112 Academy Dr, Austin, TX  78704, United States",30.2520782,-97.7472702,IA940825AF50DD077,Hotels,
Hotel Vegas,Bar,,,Visited,Night out,Austin,United States,Austin,"1502 E 6th St, Austin, TX  78702, United States",30.2633821,-97.7272791,IBE3F42D63CF6F6D9,Night_Out,
Houndstooth,Restaurant,,,Visited,Breakfast & brunch,Austin,United States,Austin,"2823 E Martin Luther King Jr Blvd, Unit 101, Austin, TX 78702, United States",30.2814318,-97.7096218,IC781428B11E37399,Breakfast___Brunch,
Huisache Grill,Restaurant,Fair,,Visited,,Austin,United States,New Braunfels,"303 W San Antonio St, New Braunfels, TX  78130, United States",29.700242,-98.1260277,I56C235536F4EB791,Fair_Restaurants_,
Il Brutto,Restaurant,Destination,,Visited,,Austin,United States,Austin,"1601 E 6th St, Austin, TX  78702, United States",30.2628502,-97.7263546,I2B7AC9E87D165182,Designation,
Inferno's Pizza,Restaurant,Fair,,Visited,,Austin,United States,New Braunfels,"1198 Gruene Rd, New Braunfels, TX  78130, United States",29.7355869,-98.1026317,I8A107845D357F0E6,Fair_Restaurants_,
Inks Lake State Park,Outdoors & attraction,,,Visited,,Austin,United States,Burnet,"3630 Park Road 4 West, Burnet, TX 78611, United States",30.7404295,-98.3654237,I30B1A80246DD0A89,Fun_Locations,
Intero,Restaurant,Fair,,Visited,,Austin,United States,Austin,"2612 E Cesar Chavez St, Austin, TX  78702, United States",30.2537153,-97.7143818,IF92BF6232B095C9F,Fair_Restaurants_,
InterStellar BBQ,Restaurant,Fair,,Visited,,Austin,United States,Austin,"12233 Ranch Rd 620 N, Ste 105, Austin, TX 78750, United States",30.4614615,-97.8151779,I7948F5B22027B0B4,Fair_Restaurants_,
Jack Allen's Kitchen,Restaurant,Fair,,Visited,,Austin,United States,Cedar Park,"1345 E Whitestone Blvd, Cedar Park, TX  78613, United States",30.5267284,-97.8133982,I6E89C4A552AE90A7,Fair_Restaurants_,
Jack Allen's Kitchen,Restaurant,Fair,,Visited,,Austin,United States,Austin,"7720 Highway 71 West, Austin, TX 78735, United States",30.243576,-97.8826261,IB0977F7B0DC42D26,Fair_Restaurants_,
Jacoby's Restaurant & Mercantile,Restaurant,Fair,,Visited,,Austin,United States,Austin,"3235 E Cesar Chavez St, Austin, TX  78702, United States",30.2515058,-97.7073496,I80B5FCE8737238DA,Fair_Restaurants_,
JD's Supermarket,Grocery,,,Visited,,Austin,United States,Austin,"6506 Decker Ln, Austin, TX  78724, United States",30.2904822,-97.6293756,IBCED30BA4314BAA0,Grocery,
Jeffrey's,Restaurant,Experience,,Visited,,Austin,United States,Austin,"1204 West Lynn St, Austin, TX 78703, United States",30.2803712,-97.7591542,I51CEAC4609E9645B,Experience_Spots,
Jester King,Bar,Fair,,Visited,,Austin,United States,Austin,"13187 Fitzhugh Rd, Austin, TX  78736, United States",30.230642,-97.999222,IBDF0770A3AD6771C,Fair_Bars,
June's All Day,Restaurant,Fair,Yes,Visited,Breakfast & brunch,Austin,United States,Austin,"1722 S Congress Ave, Austin, TX  78704, United States",30.24625,-97.7511388,IE2BFCE17517A5D0A,Breakfast___Brunch; Fair_Restaurants_; Michael_s_Top_Faves,
Juniper,Restaurant,Destination,,Visited,,Austin,United States,Austin,"2400 E Cesar Chavez St, Unit 304, Austin, TX  78702, United States",30.2546977,-97.7172357,IF8F69B938B9D21F8,Designation,
Jupiter Supper Club,Unclassified,,,Not visited,,Austin,United States,Austin,"718 Congress Ave, Austin, TX  78701, United States",30.2697086,-97.7425653,I2A49B8B6BD69EE37,Try_List,
Justine's,Restaurant,Experience,Yes,Visited,,Austin,United States,Austin,"4710 E Fifth St, Austin, TX  78702, United States",30.2531615,-97.7005909,IBE2106DF260EF789,Experience_Spots; Michael_s_Top_Faves,
K BBQ,Restaurant,Fair,,Visited,,Austin,United States,Austin,"6929 Airport Blvd, Unit 176, Austin, TX 78752, United States",30.3364355,-97.717241,I187569F541884230,Fair_Restaurants_,
Kelly's Irish,Bar,Fair,,Visited,,Austin,United States,Austin,"519 W Oltorf St, Austin, TX  78704, United States",30.2413608,-97.7589548,IAA57C93AE4B8EEE4,Fair_Bars; Fair_Restaurants_,
Kemuri Tatsu-Ya,Restaurant,Destination,,Visited,,Austin,United States,Austin,"2713 E 2nd St, Austin, TX 78702, United States",30.253855,-97.712921,I8EA20959C5AFF780,Designation,
KG BBQ,Food truck,,,Visited,,Austin,United States,Austin,"3108 Manor Rd, Austin, TX 78723, United States",30.2867658,-97.7051587,IBA8B54753821C69B,Food_Trucks,
Kinfolk Lounge & Library,Bar,Cool,,Visited,,Austin,United States,Austin,"303 Red River St, Austin, TX  78701, United States",30.2638668,-97.7379646,IC5C270EE83E63BCB,Cool_Bars,
Kitty Cohen's,Bar,Fair,,Visited,,Austin,United States,Austin,"2211 Webberville Rd, Austin, TX  78702, United States",30.2617949,-97.7164382,ID0DAFAC82194F68F,Fair_Bars,
Knotty Deck and Bar,Restaurant,Destination,,Not visited,,Austin,United States,Austin,"9721 Arboretum Blvd, Austin, TX  78759, United States",30.3917979,-97.750302,I98283C6990DE0CE8,Designation; Try_List,TIER+UNVISITED
Krause Springs,Outdoors & attraction,,,Visited,,Austin,United States,Spicewood,"424 County Road 404, Spicewood, TX 78669, United States",30.4792142,-98.1444901,IDEEE65B3886B0B89,Fun_Locations,
Krause's Cafe,Restaurant,Fair,,Visited,,Austin,United States,New Braunfels,"148 S Castell Ave, New Braunfels, TX  78130, United States",29.7013569,-98.1249918,I78968798E0FC520,Fair_Restaurants_,
la Barbecue,Restaurant,Destination,,Visited,,Austin,United States,Austin,"2401 E Cesar Chavez, Austin, TX 78702, United States",30.2544845,-97.7176005,ID27477247784E9FB,Designation,
La Santa Barbacha,Food truck,,,Visited,,Austin,United States,Austin,"2806 Manor Rd, Austin, TX  78722, United States",30.2857204,-97.7115119,I7AADD9D9ECD67225,Food_Trucks,
La Volta Pizza Club,Restaurant,Fair,,Not visited,,Austin,United States,Austin,"900 W 10th St, Austin, TX  78703, United States",30.274933,-97.7517232,I95C63F3EC4E16CA3,Fair_Restaurants_; Try_List,TIER+UNVISITED
La Wagyeria,Unclassified,,,Not visited,,Austin,United States,Austin,"440D E St Elmo Rd, Bldg D, Austin, TX  78745, United States",30.2164242,-97.7618657,ICD1DAFD3C0DF6B1D,Try_List,
Laika,Dessert,,,Visited,,Austin,United States,New Braunfels,"1430 Unicorn Ave, Unit 105, New Braunfels, TX  78130, United States",29.6885875,-98.1199548,I2D3B2160B1D238E0,Dessert,
Lake Austin Spa Resort,Hotel,,,Visited,,Austin,United States,Austin,"1705 S Quinlan Park Rd, Austin, TX  78732, United States",30.3270826,-97.9257023,I71296831605EF988,Hotels,
Lakeway Resort And Spa,Hotel,,,Visited,,Austin,United States,Lakeway,"101 Lakeway Dr, Lakeway, TX 78734, United States",30.3746858,-97.9867369,I46D3039364B902D1,Hotels,
Lala’s,Bar,Fair,,Visited,,Austin,United States,Austin,"3008 Davis Ln, Austin, TX  78745, United States",30.1910742,-97.8320664,I9F7D17BF77EC8A7C,Fair_Bars,
Lamberts,Restaurant,Fair,Yes,Visited,,Austin,United States,Austin,"401 W 2nd St, Austin, TX 78701, United States",30.2652304,-97.7478781,I652813FBA871BFF6,Fair_Restaurants_; Michael_s_Top_Faves,
Las Perlas,Bar,Fair,,Visited,,Austin,United States,Austin,"405 E 7th St, Austin, TX  78701, United States",30.2677457,-97.7386819,I39DD8EC7C7FDB5DE,Fair_Bars,
Latchkey,Bar,,,Visited,Night out,Austin,United States,Austin,"1308 E 6th St, Austin, TX  78702, United States",30.2639277,-97.7286994,IFEE4AFCD402FBA5F,Night_Out,
Launderette,Restaurant,Destination,,Visited,,Austin,United States,Austin,"2115 Holly St, Austin, TX  78702, United States",30.2518757,-97.7227664,I51B463BA69F4601A,Designation,
Laurel Restaurant,Restaurant,,Yes,Visited,Breakfast & brunch,Austin,United States,West Lake Hills,"320 S Capital of Texas Hwy Bldg B, West Lake Hills, TX  78746, United States",30.3008876,-97.8293279,I2C14D9F398CD939A,Breakfast___Brunch; Michael_s_Top_Faves,
Lenoir,Restaurant,Destination,,Not visited,,Austin,United States,Austin,"1807 S 1st St, Austin, TX  78704, United States",30.2468501,-97.7558863,IF4BFD4B65E7A8B20,Designation; Try_List,TIER+UNVISITED
Leona Botanical Cafe & Bar,Restaurant,,,Visited,Breakfast & brunch,Austin,United States,Sunset Valley,"6405 Brodie Ln, Sunset Valley, TX  78745, United States",30.2177583,-97.8261449,IF505AABA9302C949,Breakfast___Brunch,
Lick Honest Ice Creams,Dessert,,,Visited,,Austin,United States,Austin,"1100 S Lamar Blvd, Austin, TX 78704, United States",30.2555022,-97.7625551,I66D37E754CC0DF82,Dessert,
Limestone Rooftop,Bar,,,Visited,Rooftop,Austin,United States,Austin,"68 East Ave, Austin, TX  78701, United States",30.2583305,-97.7381301,I32D05470DCD3F15,Rooftop,
Lin Asian Bar + Dim Sum Restaurant,Restaurant,Fair,,Visited,,Austin,United States,Austin,"1203 W 6th St, Austin, TX  78703, United States",30.2729064,-97.7579807,I912B679ED066F6B9,Fair_Restaurants_,
Ling Kitchen,Restaurant,Experience,,Visited,,Austin,United States,Austin,"8423 Research Blvd, Austin, TX  78758, United States",30.3593411,-97.7159092,IB218669445110A1F,Experience_Spots,
Ling Wu Asian Restaurant at Lantana Place,Restaurant,Fair,,Visited,,Austin,United States,Austin,"7415 Southwest Pkwy Bldg 3-400, Austin, TX  78735, United States",30.2560309,-97.8690077,I274CF8074F4A85CA,Fair_Restaurants_,
Ling Wu Asian Restaurant at The Grove,Restaurant,Fair,,Visited,,Austin,United States,Austin,"2625 Perseverance Dr, Austin, TX 78731, United States",30.3179107,-97.7532675,IFA3C85A766C2626F,Fair_Restaurants_,
Little Arthur’s,Food truck,,,Visited,,Austin,United States,Austin,"1708 E 6th St, Austin, TX  78702, United States",30.2621556,-97.7235962,I29F705E2055827F2,Food_Trucks,
Little Trouble,Bar,Experience,,Visited,,Austin,United States,Lockhart,"101 E San Antonio St, Lockhart, TX  78644, United States",29.8850121,-97.672306,I2C77EF1B323CD64B,Cool_Bars; Experience_Spots,
Llama Queen,Bar,Fair,,Visited,,Austin,United States,Austin,"4620 E Cesar Chavez St, Unit 1, Austin, TX  78702, United States",30.2521398,-97.7029073,IC880C5798C44D211,Fair_Bars,
Local Foods,Restaurant,Fair,,Visited,Breakfast & brunch,Austin,United States,Austin,"454 W 2nd St, Austin, TX  78701, United States",30.2656981,-97.748565,I7FEF1024773DAAE,Breakfast___Brunch; Fair_Restaurants_,
Local Pastures,Grocery,,,Visited,,Austin,United States,Austin,"5501 N Lamar Blvd, Unit B110, Austin, TX  78751, United States",30.3232556,-97.7275466,I1816A7EA28BE394E,Grocery,
Lonesome Dove,Restaurant,Destination,,Visited,,Austin,United States,Austin,"123 W 6th St, Austin, TX  78701, United States",30.2682319,-97.7440202,IE9B21A2C47C93681,Designation,
Long Center,Outdoors & attraction,,,Visited,,Austin,United States,Austin,"701 W Riverside Dr, Austin, TX 78704, United States",30.2600971,-97.7512066,I6C3D01A6954135D,Fun_Locations,
Longhorn Cavern State Park,Outdoors & attraction,,,Visited,,Austin,United States,Burnet,"6211 Park Road 4 South, Burnet, TX 78611, United States",30.6844569,-98.3509145,I736B4BC12A50057B,Fun_Locations,
Loro,Restaurant,Fair,,Visited,,Austin,United States,Austin,"2115 S Lamar Blvd, Austin, TX 78704, United States",30.2477734,-97.7714058,IF9F6BE65BD22273C,Fair_Restaurants_,
Lost And Found Rooftop Bar,Bar,,,Visited,Rooftop,Austin,United States,New Braunfels,"219 E San Antonio St, New Braunfels, TX  78130, United States",29.7042587,-98.1236823,IF341B8771637AB69,Rooftop,
Lou's,Restaurant,Fair,,Visited,,Austin,United States,Austin,"1900 E Cesar Chavez St, Austin, TX  78702, United States",30.2571981,-97.724416,IE3D6CE94FA5CCB8F,Fair_Restaurants_,
Love Supreme,Restaurant,Fair,,Visited,,Austin,United States,Austin,"2805 Manor Rd, Austin, TX  78722, United States",30.2851599,-97.7116755,IB04E9514EA44E67,Fair_Restaurants_,
Lucchese,Shop,,,Visited,,Austin,United States,Austin,"1508 S Congress Ave, Austin, TX  78704, United States",30.2485894,-97.7502749,I3A6184EBC3C27690,Stores,
Luck Reunion,Outdoors & attraction,,,Visited,,Austin,United States,Spicewood,"1100 Bee Creek Rd, Spicewood, TX 78669, United States",30.3939849,-98.054894,I42F7457B7730EA38,Fun_Locations,
Lucky Rabbit,Bar,Fair,,Visited,,Austin,United States,Jonestown,"18626 FM-1431, Jonestown, TX  78645, United States",30.4944233,-97.9251383,I62A8205E3F4456BB,Fair_Bars,
Lucky Robot,Restaurant,Fair,,Visited,,Austin,United States,Austin,"1303 S Congress Ave, Austin, TX  78704, United States",30.2508562,-97.7490058,I2103870D6C52461E,Fair_Restaurants_,
Lulu’s,Bar,Fair,,Visited,,Austin,United States,Austin,"10402 Menchaca Rd, Bldg C, Austin, TX 78748, United States",30.166972,-97.8282361,I75288D0C51ED6434,Fair_Bars,
Lustre Pearl South,Bar,Fair,,Visited,,Austin,United States,Austin,"10400 Menchaca Rd, Austin, TX 78748, United States",30.1672384,-97.8275657,I97CBCC5B75F76B75,Fair_Bars,
Lutie's,Restaurant,Destination,,Visited,,Austin,United States,Austin,"4100 Red River St, Austin, TX 78751, United States",30.3003897,-97.7222836,I398EE9655F292790,Designation,
L’Oca d’Oro,Restaurant,Destination,,Visited,,Austin,United States,Austin,"1900 Simond Ave, Unit 100, Austin, TX 78723, United States",30.2971978,-97.7045547,I74530EF94C8A1F6F,Designation,
Ma'coco,Restaurant,Fair,,Visited,,Austin,United States,Austin,"501 Comal St, Austin, TX 78702, United States",30.2623096,-97.7266841,IBF539BE23404957A,Fair_Restaurants_,
Manchaca Sports Bar,Bar,Fair,,Visited,,Austin,United States,Austin,"10402 Menchaca Rd 1, Austin, TX  78748, United States",30.166691,-97.827712,IE6F8CFBBC5E477D0,Fair_Bars,
Manny's,Restaurant,Fair,,Not visited,,Austin,United States,Austin,"301 W 5th St, Austin, TX  78701, United States",30.2676515,-97.7459204,I7975742B7493B27D,Fair_Restaurants_; Try_List,TIER+UNVISITED
Manuels,Restaurant,Fair,,Visited,,Austin,United States,Austin,"10201 Jollyville Rd, Austin, TX 78759, United States",30.396698,-97.7493437,I12E35AD6FA429DDC,Fair_Restaurants_,
Marlow,Bar,Fair,,Visited,,Austin,United States,Austin,"700 E 6th St, Austin, TX  78701, United States",30.2662884,-97.7358559,IA78A544C6843D988,Fair_Bars,
Mary Moore Searight Metro Park,Outdoors & attraction,,,Visited,,Austin,United States,Austin,"907 W Slaughter Ln, Austin, TX  78748, United States",30.160269,-97.807533,I46401CE2C5125622,Fun_Locations,
Mattie's,Restaurant,Fair,,Not visited,,Austin,United States,Austin,"901 W Live Oak St, Austin, TX  78704, United States",30.2449292,-97.7622861,I33E9B4BAAB4D9E42,Fair_Restaurants_; Try_List,TIER+UNVISITED
Maywald Christmas Light Display,Outdoors & attraction,,,Visited,,Austin,United States,Austin,"10505 Twilight Vista, Austin, TX  78736, United States",30.2340382,-97.9404008,IB5DE7F1AEEA53C73,Fun_Locations,
Ma’CoCo,Restaurant,Fair,,Visited,,Austin,United States,Buda,"302 S Main St, Ste 101, Buda, TX  78610, United States",30.0782971,-97.845003,I47B01E8269F00EB0,Fair_Restaurants_,
McAdoo's Seafood Company,Restaurant,Fair,,Visited,,Austin,United States,New Braunfels,"196 N Castell Ave, New Braunfels, TX  78130, United States",29.7027501,-98.1263745,I30CC5293BA5CC9D4,Fair_Restaurants_,
McKinney Falls State Park,Outdoors & attraction,,,Visited,,Austin,United States,Austin,"5808 McKinney Falls Pkwy, Austin, TX 78744, United States",30.1835039,-97.7221761,I16A0B0F52E9D2F0D,Fun_Locations,
Mean Eyed Cat,Bar,Fair,,Visited,,Austin,United States,Austin,"1621 W 5th St, Austin, TX  78703, United States",30.2745031,-97.7649916,IADA5FD98D0E0A3EB,Fair_Bars,
Meat & Bread,Restaurant,Fair,,Visited,,Austin,United States,Austin,"360 Nueces St, Unit 20, Austin, TX 78701, United States",30.2671083,-97.7497816,I4292D99A98C7378A,Fair_Restaurants_,
Midnight Cowboy,Bar,Cool,,Visited,,Austin,United States,Austin,"313 E 6th St, Austin, TX  78701, United States",30.2670049,-97.740057,I2ADDAAAF4CC0D7E3,Cool_Bars,
Milky Way Shakes,Food truck,,,Visited,,Austin,United States,Austin,"2324 E Cesar Chavez, Austin, TX 78702, United States",30.2551101,-97.7182335,I9E8ADEE986A1EB82,Food_Trucks,
Millie’s On Main,Restaurant,Fair,,Visited,,Austin,United States,Elgin,"212 N Main St, Elgin, TX  78621, United States",30.3498508,-97.3716624,I698173364D51F14F,Fair_Restaurants_,
Milonga Room,Bar,Cool,,Visited,,Austin,United States,Austin,"1201 E 6th St, Austin, TX  78702, United States",30.2641461,-97.7304068,ID858C8059A999DA5,Cool_Bars,
Miracle on 5th Street,Bar,Fair,,Visited,,Austin,United States,Austin,"307 W 5th St, Austin, TX  78701, United States",30.2676843,-97.7462812,I21954FBF9D9C5F6C,Fair_Bars,
Moderna Bar & Pizzeria,Restaurant,Fair,,Not visited,,Austin,United States,Austin,"1717 W 6th St 140-R, Austin, TX 78703, United States",30.2762554,-97.7658625,IFB362860A563C5A1,Fair_Restaurants_; Try_List,TIER+UNVISITED
Moon Valley Nurseries,Outdoors & attraction,,,Visited,,Austin,United States,Dripping Springs,"3969 East Highway 290, Dripping Springs, TX  78620, United States",30.1967275,-98.0283985,I29AB8E249AF1B68C,Fun_Locations,
Moonshine Comfort & Cocktails,Bar,Fair,,Visited,,Austin,United States,Austin,"10525 W Parmer Ln, Austin, TX  78717, United States",30.4970162,-97.7759385,IAFC990D56424F233,Fair_Bars,
More Home Slice Pizza,Restaurant,Fair,,Visited,,Austin,United States,Austin,"1421 S Congress Ave, Austin, TX  78704, United States",30.2490212,-97.7495938,I9218FA7A26160671,Fair_Restaurants_,
MorninGlory,Restaurant,,,Visited,Breakfast & brunch,Austin,United States,Lakeway,"2121 Lohmans Crossing Rd, Lakeway, TX 78734, United States",30.3424309,-97.9707309,IB005CA12A7457F7F,Breakfast___Brunch,
Mort Subite,Bar,Fair,,Visited,,Austin,United States,Austin,"308 Congress Ave, Austin, TX  78701, United States",30.2657034,-97.7439382,I64627D6F54CCD955,Fair_Bars,
Mount Bonnell,Outdoors & attraction,,,Visited,,Austin,United States,Austin,"3800 Mount Bonnell Rd, Austin, TX  78731, United States",30.3212161,-97.773359,I83ADFC4DE5AAF9C1,Fun_Locations,
Mozart's Coffee Roasters,Restaurant,,,Visited,Breakfast & brunch,Austin,United States,Austin,"3825 Lake Austin Blvd, Austin, TX 78703, United States",30.2952207,-97.7844143,IB9591BD6B32855CF,Breakfast___Brunch,
Muck & Fuss,Restaurant,Fair,,Visited,,Austin,United States,New Braunfels,"295 E San Antonio St, Unit 101, New Braunfels, TX 78130, United States",29.7044276,-98.1234922,I325D24186EE71B2A,Fair_Restaurants_,
Muleshoe Bend Recreation Area,Outdoors & attraction,,,Visited,,Austin,United States,Spicewood,"2820 County Road 414, Spicewood, TX 78669, United States",30.4874153,-98.0988443,ICA43D0E97B7E18DE,Fun_Locations,
Murray's Tavern,Restaurant,Fair,,Visited,,Austin,United States,Austin,"2316 Webberville Rd, Austin, TX  78702, United States",30.2627339,-97.7154215,IB8BF34D4F07BA113,Fair_Restaurants_,
MUTTS Canine Cantina,Outdoors & attraction,,,Visited,,Austin,United States,Austin,"9825 N Lake Creek Pkwy, Austin, TX  78717, United States",30.4730791,-97.7934587,IBBD0A1363B7EA998,Fun_Locations,
Natural Grocers,Grocery,,,Visited,,Austin,United States,Austin,"4615 N Lamar Blvd, Ste 304, Austin, TX  78751, United States",30.3153699,-97.7348051,I9722D78E6873BF36,Grocery,
Neighborhood Sushi,Restaurant,Destination,,Visited,,Austin,United States,Austin,"1716 S Congress Ave, Austin, TX  78704, United States",30.2465372,-97.7510923,I4515EF526B7BB12A,Designation,
New Braunfels Tortilleria,Restaurant,Fair,,Visited,,Austin,United States,New Braunfels,"1681 Spur St, New Braunfels, TX  78130, United States",29.6888924,-98.138132,IEE5F2695AA18785C,Fair_Restaurants_,
Nido,Restaurant,Destination,,Visited,,Austin,United States,Austin,"1211 W Riverside Dr, Austin, TX  78704, United States",30.2640584,-97.7567157,I39D668F609509C6A,Designation,
Nightcap,Restaurant,Experience,,Visited,,Austin,United States,Austin,"1401 W 6th St, Austin, TX  78703, United States",30.273747,-97.7604569,I751004A7B8421D27,Experience_Spots,
Nixta Taqueria,Restaurant,Fair,,Visited,,Austin,United States,Austin,"2512 E 12th St, Austin, TX  78702, United States",30.2749769,-97.7132745,I876A5C1F0A632EFB,Fair_Restaurants_,
No 28,Restaurant,Fair,,Visited,,Austin,United States,Bastrop,"1006 Main St, Bastrop, TX  78602, United States",30.1107886,-97.3202884,I79CA15441FF7371B,Fair_Restaurants_,
Nom Burgers,Food truck,,,Visited,,Austin,United States,Austin,"2324 E Cesar Chavez St, Austin, TX  78702, United States",30.2553348,-97.7183589,I57E2F5DABB9B0F0D,Food_Trucks,
Nomade,Restaurant,Experience,Yes,Visited,,Austin,United States,Austin,"1506 S 1st St, Austin, TX  78704, United States",30.2497137,-97.7553107,I3474B9AA256CF23A,Experience_Spots; Michael_s_Top_Faves,
North Street,Restaurant,Fair,,Not visited,,Austin,United States,San Marcos,"216 North St, San Marcos, TX  78666, United States",29.8831927,-97.945438,IFF7AB4D97DE39747,Fair_Restaurants_; Try_List,TIER+UNVISITED
Numero28,Restaurant,Fair,,Visited,,Austin,United States,Austin,"452 W 2nd St, Austin, TX  78701, United States",30.2656769,-97.7484464,I515FAB7410BDC239,Fair_Restaurants_,
Oak Hill Social,Bar,Fair,,Visited,,Austin,United States,Austin,"8600 Highway 290 W, Austin, TX  78736, United States",30.2348485,-97.9115808,I6394413406B9447C,Fair_Bars,
Oasthouse Kitchen + Bar,Restaurant,Fair,,Not visited,,Austin,United States,Austin,"Bldg D 5701 W Slaughter Ln, Austin, TX 78749, United States",30.2000088,-97.8680295,IA44753530EF7AE8B,Fair_Restaurants_; Try_List,TIER+UNVISITED
Odd Duck,Restaurant,Experience,,Visited,,Austin,United States,Austin,"1201 S Lamar Blvd, Austin, TX 78704, United States",30.2546699,-97.7620125,I4F9E8CBEF61773D2,Experience_Spots,
Oh K-Dog,Restaurant,Fair,,Visited,,Austin,United States,Austin,"6929 Airport Blvd, Unit 133, Austin, TX 78752, United States",30.33693,-97.7166694,I6E2B0D2BA863C2E4,Fair_Restaurants_,
Olamaie,Restaurant,Experience,,Visited,,Austin,United States,Austin,"1610 San Antonio St, Austin, TX 78701, United States",30.2798863,-97.7436788,I8F476358AA39915A,Experience_Spots,
Old Gregg Brewing Company,Restaurant,Fair,,Visited,,Austin,United States,Pflugerville,"1900 E Howard Ln, Building H, Pflugerville, TX 78660, United States",30.4020358,-97.6338347,I37284ACE115D1F73,Fair_Restaurants_,
Onera Wimberley,Hotel,,,Visited,,Austin,United States,Wimberley,"801 Buttercup Ln, Wimberley, TX  78676, United States",30.0031674,-98.0735657,I3ADA11009D3E7252,Hotels,
Opa Coffee & Wine Bar,Restaurant,Fair,,Visited,,Austin,United States,Austin,"2050 S Lamar Blvd, Austin, TX  78704, United States",30.2489656,-97.7695119,I585194C094C1F500,Fair_Restaurants_,
Originator Studios,Outdoors & attraction,,,Visited,,Austin,United States,Austin,"718 Northwestern Ave, Austin, TX  78702, United States",30.2617824,-97.7148753,I2FB8726D097A6C95,Fun_Locations,
Oseyo,Restaurant,Experience,,Not visited,,Austin,United States,Austin,"1628 E Cesar Chavez St, Austin, TX  78702, United States",30.2583159,-97.7276427,I78BBDCEB2037CF0E,Experience_Spots; Try_List,TIER+UNVISITED
Otoko,Restaurant,Experience,,Not visited,,Austin,United States,Austin,"1603 S Congress Ave, Austin, TX  78704, United States",30.2477367,-97.7499728,IED8CC7DB65C2B3DE,Experience_Spots; Try_List,TIER+UNVISITED
Otopia Rooftop Lounge,Bar,,,Visited,Rooftop,Austin,United States,Austin,"1901 San Antonio St, Unit 1100, Austin, TX  78705, United States",30.2824093,-97.742873,I12D1D9CD037FD323,Rooftop,
Ovenbird,Restaurant,,,Visited,Breakfast & brunch,Austin,United States,Austin,"6501 S Congress Ave, Unit 211, Austin, TX 78745, United States",30.19524,-97.7774,IE0FAD376F87A69B6,Breakfast___Brunch,
P6,Bar,,,Visited,Rooftop,Austin,United States,Austin,"111 E Cesar Chavez St, Austin, TX  78701, United States",30.2627887,-97.7439651,IEF56AAA6E8AEAE7F,Rooftop,
Palmer Events Center,Outdoors & attraction,,,Visited,,Austin,United States,Austin,"900 Barton Springs Rd, Austin, TX  78704, United States",30.2601709,-97.7533202,I34A31827DB721CB8,Fun_Locations,
Paperboy,Restaurant,,,Visited,Breakfast & brunch,Austin,United States,Austin,"1401 S Lamar Blvd, Austin, TX  78704, United States",30.2534283,-97.7626257,ICF8CD83D775D47E6,Breakfast___Brunch,
Paperboy,Restaurant,,,Visited,Breakfast & brunch,Austin,United States,Austin,"1203 E 11th St, Austin, TX 78702, United States",30.268414,-97.727646,IE73EB264A221E29,Breakfast___Brunch,
papercut,Bar,Cool,,Visited,,Austin,United States,Austin,"908 E 5th St, Unit 107, Austin, TX  78702, United States",30.2644632,-97.7333459,IF3D39325D015B86D,Cool_Bars,
Paris Baguette,Dessert,,,Visited,Breakfast & brunch,Austin,United States,Austin,"110 Jacob Fontaine Ln, Austin, TX  78752, United States",30.3258325,-97.7156465,I6137F256A981FFA6,Breakfast___Brunch; Dessert,
Parish Barbecue,Food truck,,,Visited,,Austin,United States,Austin,"3220 Manor Rd, Austin, TX  78723, United States",30.3443359,-97.6468881,IEF7C4BCD277A4305,Food_Trucks,
Parker Jazz Club,Outdoors & attraction,,,Visited,,Austin,United States,Austin,"117 W 4th St, Unit 107B, Austin, TX  78701, United States",30.266337,-97.7446463,I1025F65DCD63AA78,Fun_Locations,
Parlor Bar,Bar,Cool,,Visited,,Austin,United States,Austin,"1900 Rio Grande St, Austin, TX  78705, United States",30.2831474,-97.7455039,IDBA17531D7D00EA2,Cool_Bars,
PastaBar,Restaurant,Experience,,Visited,,Austin,United States,Austin,"1017 E 6th St, Austin, TX  78702, United States",30.2646505,-97.7319288,IBD5CD2545C8ADC85,Experience_Spots,
Patio Dolcetto,Restaurant,Fair,,Visited,,Austin,United States,San Marcos,"322 Cheatham St, San Marcos, TX  78666, United States",29.8767924,-97.936812,I6E46C33812203039,Fair_Restaurants_,
Patrizi's,Food truck,,,Visited,,Austin,United States,Austin,"2307 Manor Rd, Austin, TX 78722, United States",30.283931,-97.7172578,I3E8A8203A395EA8C,Food_Trucks,
Pavement,Outdoors & attraction,,,Visited,,Austin,United States,Austin,"611 S Lamar Blvd, Austin, TX  78704, United States",30.2589375,-97.7585846,I6446EC6B63CAE132,Fun_Locations,
Pease Park,Outdoors & attraction,,,Visited,,Austin,United States,Austin,"1100 Kingsbury St, Austin, TX 78701, United States",30.2814883,-97.7517636,I15E6E2D4CCC17649,Fun_Locations,
Pedernales Farmers Market,Grocery,,,Visited,,Austin,United States,Spicewood,"23526 SH-71, Spicewood, TX  78669, United States",30.3870828,-98.0856892,IA840787697E4E840,Grocery,
Pedroso's Pizza,Restaurant,Fair,,Visited,,Austin,United States,Austin,"2207 Justin Ln, Unit D, Austin, TX  78757, United States",30.3445612,-97.73622,ICA041C0DA9EB0825,Fair_Restaurants_,
Phoebe's Diner,Restaurant,,,Visited,Breakfast & brunch,Austin,United States,Austin,"533 W Oltorf St, Austin, TX  78704, United States",30.2416484,-97.7593041,I587434300820A9E,Breakfast___Brunch,
Phoebe's Diner,Restaurant,Fair,,Visited,,Austin,United States,Austin,"408 W 11th St, Austin, TX 78701, United States",30.2739813,-97.7449778,I5EE5B1558F8B79C4,Fair_Restaurants_,
Phoenicia Bakery,Grocery,,,Visited,,Austin,United States,Austin,"2912 S Lamar Blvd, Austin, TX  78704, United States",30.2434296,-97.7831565,I99858ECE6BA6DB76,Grocery,
Pickle Pub,Outdoors & attraction,,,Visited,,Austin,United States,Austin,"10630 Menchaca Rd, Bldg B, Austin, TX  78748, United States",30.1648633,-97.8313662,ID246B6647F5A82AF,Fun_Locations,
Pieous,Restaurant,Fair,,Visited,,Austin,United States,Austin,"166 Hargraves Dr Bldg H, Austin, TX 78737, United States",30.2050159,-97.9791695,I83D18D8364503869,Fair_Restaurants_,
Pins Mechanical Co.,Outdoors & attraction,,,Visited,,Austin,United States,Austin,"4323 S Congress Ave, Austin, TX  78745, United States",30.2181213,-97.7645069,I65DF4C80205DC9B6,Fun_Locations,
Plaza Colombian Coffee Bar,Restaurant,,,Visited,Breakfast & brunch,Austin,United States,Austin,"3842 S Congress Ave, Austin, TX  78704, United States",30.2246981,-97.7635605,ICA59F545AD28A8E3,Breakfast___Brunch,
Pluto's Wine Bar,Winery,,,Visited,,Austin,United States,Bastrop,"924 Main St, Bastrop, TX 78602, United States",30.1101503,-97.3202978,IAEF6AA27A302FA1C,Wineries,
Poeta,Restaurant,Fair,,Visited,,Austin,United States,Austin,"1108 E 6th St, Austin, TX  78702, United States",30.2646672,-97.7307363,I1C439D41E4B0599B,Fair_Restaurants_,
Pool Bar - East Austin Hotel,Bar,,,Visited,Rooftop,Austin,United States,Austin,"1108 E 6th St, Austin, TX  78702, United States",30.2646672,-97.7307363,I7D8AD6CEFBDCC05C,Rooftop,
Pool Burger,Restaurant,Fair,,Visited,,Austin,United States,Austin,"2315 Lake Austin Blvd, Austin, TX  78703, United States",30.277777,-97.7726698,IBD667047EB3602CC,Fair_Restaurants_,
PopStroke,Outdoors & attraction,,,Visited,,Austin,United States,Austin,"13000 Harris Ridge Blvd, Austin, TX  78660, United States",30.407189,-97.6531686,I55358D37BDEADCD,Fun_Locations,
Posse East,Bar,Fair,,Visited,,Austin,United States,Austin,"2900 Duval St, Austin, TX  78705, United States",30.2913832,-97.7346995,IF9A4033E5C7D63FE,Fair_Bars,
Powder Room,Bar,Cool,,Visited,,Austin,United States,Austin,"301 W 5th St, Austin, TX  78701, United States",30.2676065,-97.7459204,I96CC5D195AD102D1,Cool_Bars,
Proud Mary Coffee,Restaurant,,,Visited,Breakfast & brunch,Austin,United States,Austin,"2043 S Lamar Blvd, Austin, TX  78704, United States",30.248306,-97.769348,IDCB9A29307710F6,Breakfast___Brunch,
Prélude,Bar,Cool,,Visited,,Austin,United States,Austin,"707 W 10th St, Austin, TX  78701, United States",30.2736411,-97.7490619,IDDFA328C3505AD20,Cool_Bars,
Pueblo Viejo,Food truck,,,Visited,,Austin,United States,Austin,"641 Tillery St, Austin, TX  78702, United States",30.2578347,-97.7057719,I8118712B5CAEBAB5,Food_Trucks,
Péché,Restaurant,Experience,,Visited,,Austin,United States,Austin,"208 W 4th St, Austin, TX  78701, United States",30.2668006,-97.74525,I4D598E8BE0F1DDA9,Experience_Spots,
Qi Austin,Restaurant,Experience,,Visited,,Austin,United States,Austin,"835 W 6th St, Unit 114, Austin, TX  78703, United States",30.2705716,-97.7521473,I494A528E6494FAC,Experience_Spots,
Quince Lakehouse,Restaurant,,,Not visited,Breakfast & brunch,Austin,United States,Austin,"3825 Lake Austin Blvd, Unit 201, Austin, TX  78703, United States",30.2953125,-97.7843333,I2ED1A3F1AA1CCE6D,Breakfast___Brunch; Try_List,
Radio/East,Restaurant,,,Visited,Breakfast & brunch,Austin,United States,Austin,"3504 Montopolis Dr, Austin, TX  78744, United States",30.2079276,-97.7155254,I161B27341EBE7526,Breakfast___Brunch,
Radius Butcher & Grocery,Grocery,,,Visited,,Austin,United States,Austin,"1912 E 7th St, Austin, TX  78702, United States",30.2626591,-97.7209742,I662BEF4E92F870E7,Grocery,
Ranch 616,Restaurant,Fair,Yes,Visited,,Austin,United States,Austin,"616 Nueces St, Austin, TX  78701, United States",30.2704503,-97.748361,I401EFF5C06ABAA61,Fair_Restaurants_; Michael_s_Top_Faves,
Rebel Cheese,Grocery,Fair,,Visited,,Austin,United States,Austin,"2200 Aldrich St, Unit 120, Austin, TX 78723, United States",30.3014844,-97.7030919,IA21BBF3F6E4ABF5F,Fair_Restaurants_; Grocery,
Red Ash,Restaurant,Experience,,Visited,,Austin,United States,Austin,"303 Colorado St, Austin, TX 78701, United States",30.2656744,-97.7447391,I894F3A2C7A0B42DF,Experience_Spots,
Red Horn Coffee House & Brewing Co,Restaurant,,,Visited,Breakfast & brunch,Austin,United States,Cedar Park,"13010 W Parmer Ln, Unit 800, Cedar Park, TX 78613, United States",30.5338073,-97.7808416,I499797CF0D74DF92,Breakfast___Brunch,
REINA,Bar,,,Visited,Rooftop,Austin,United States,Austin,"206 Trinity St, Austin, TX  78701, United States",30.2639694,-97.7407748,I19566E580440C831,Rooftop,
Restaurant Francois,Restaurant,Experience,,Not visited,,Austin,United States,Austin,"401 W 3rd St, Ste 100, Austin, TX 78701, United States",30.2661022,-97.7475314,IB6E780FA90BE88C5,Experience_Spots; Try_List,TIER+UNVISITED
Rocco's,Unclassified,,,Not visited,,Austin,United States,Austin,"5001 Airport Blvd, Austin, TX 78751, United States",30.3111976,-97.7150656,IEA7F22AFABE397BB,Try_List,
Rocheli Patisserie,Dessert,,,Visited,,Austin,United States,Austin,"1212 Chicon St, Unit 102, Austin, TX 78702, United States",30.2743674,-97.7201636,IDE7CEA22D9C81472,Dessert,
Room 725,Bar,Cool,,Visited,,Austin,United States,Austin,"101 Red River St, Austin, TX  78701, United States",30.262242,-97.7385503,ID592CFA276E48A4,Cool_Bars,
Root Cellar Cafe,Restaurant,Fair,,Visited,,Austin,United States,San Marcos,"215 N LBJ Dr, San Marcos, TX  78666, United States",29.8835415,-97.940374,IB3A9CC3A996AAA2A,Fair_Restaurants_,
Rosati's Pizza,Restaurant,Fair,,Visited,,Austin,United States,Cedar Park,"800 Whitestone Blvd, Unit B-1, Cedar Park, TX 78613, United States",30.5178864,-97.8378955,I6CED262075428A1B,Fair_Restaurants_,
Rose Gose,Restaurant,Destination,,Visited,,Austin,United States,Austin,"5201 Airport Blvd, Austin, TX  78751, United States",30.3131676,-97.714794,I2A04A2F77E595043,Designation,
Rosie's Wine Bar,Winery,,,Visited,,Austin,United States,Austin,"1130 W 6th St, Austin, TX  78703, United States",30.2728376,-97.7569274,I459C698C7D6BE2F,Wineries,
Roya,Restaurant,Experience,Yes,Visited,,Austin,United States,Austin,"7858 Shoal Creek Blvd, Ste C, Austin, TX  78757, United States",30.3606235,-97.7414379,IF4E4A88093CF7D56,Experience_Spots; Michael_s_Top_Faves,
Rules & Regs,Bar,Cool,,Visited,,Austin,United States,Austin,"101 Red River St, Austin, TX  78701, United States",30.2619554,-97.7380663,I271984D7AD4C9379,Cool_Bars,
Sabor Venezolano,Food truck,,,Visited,,Austin,United States,Austin,"4111 S 1st St, Austin, TX  78745, United States",30.2243875,-97.770482,I704C01991723DAB0,Food_Trucks,
Sammataro,Food truck,,,Visited,,Austin,United States,Austin,"2907 E 12th St, Austin, TX  78702, United States",30.2756164,-97.7071465,I85E01FA3BA9D3671,Food_Trucks,
Sammie's,Restaurant,Destination,,Visited,,Austin,United States,Austin,"807 W 6th St, Austin, TX 78703, United States",30.2702085,-97.7510658,I2C658B5DD684E69E,Designation,
San Gines,Restaurant,,,Visited,Breakfast & brunch,Austin,United States,Austin,"2072 S Lamar Blvd, Austin, TX  78704, United States",30.2486467,-97.770258,I8C77E092844BB1BD,Breakfast___Brunch,
Santa Catarina,Restaurant,Fair,,Visited,,Austin,United States,Austin,"2901 Manor Rd, Unit 100, Austin, TX  78722, United States",30.285557,-97.7100285,IA891057C47B2524,Fair_Restaurants_,
Sawyer & Co.,Restaurant,,,Visited,Breakfast & brunch,Austin,United States,Austin,"4827 E Cesar Chavez St, Austin, TX  78702, United States",30.251427,-97.701832,I1805A2B78BE2CB49,Breakfast___Brunch,
Sazan,Restaurant,Fair,,Visited,,Austin,United States,Austin,"6929 Airport Blvd, Unit 146, Austin, TX 78752, United States",30.3366438,-97.7165705,IE14BFB1736FEF1DE,Fair_Restaurants_,
Scout Vintage,Shop,,,Visited,,Austin,United States,Austin,"2121 E 6th St, Austin, TX  78702, United States",30.2602568,-97.7189546,I2EC05E41DB845B3B,Stores,
Second Bar + Kitchen,Restaurant,,,Visited,Breakfast & brunch,Austin,United States,Austin,"1110 E 6th St, Austin, TX  78702, United States",30.2646113,-97.7307303,I17672241238CA5D7,Breakfast___Brunch,
Secret Beach,Outdoors & attraction,,,Visited,,Austin,United States,Austin,"400 Grove Blvd, Austin, TX  78741, United States",30.2476022,-97.700135,ID3A89387D20CCE75,Fun_Locations,
Serenade,Restaurant,,,Not visited,Breakfast & brunch,Austin,United States,Austin,"200 Lavaca St, Austin, TX  78701, United States",30.2654316,-97.7467145,IE60C871B7481FA2C,Breakfast___Brunch; Try_List,
Seven Grand,Bar,Fair,,Visited,,Austin,United States,Austin,"405 E 7th St, Austin, TX  78701, United States",30.2677934,-97.738545,I8DB344E0E6057F68,Fair_Bars,
Shack 512,Restaurant,Fair,,Visited,,Austin,United States,Volente,"8714 Lime Creek Rd, Volente, TX 78641, United States",30.4627776,-97.913788,IAE9BD52B2CF30BDE,Fair_Restaurants_,
Shiner's Saloon,Bar,,,Visited,Rooftop,Austin,United States,Austin,"422 Congress Ave, Unit D, Austin, TX 78701, United States",30.2670446,-97.7435049,I1A57804450F1B6C9,Rooftop,
Shore Raw Bar & Grill,Restaurant,Fair,,Not visited,,Austin,United States,Austin,"8665 W Highway 71, Unit 100, Austin, TX 78735, United States",30.2496407,-97.8950801,ICCE9DD10F96F1223,Fair_Restaurants_; Try_List,TIER+UNVISITED
Sidecar at Prince Solms Inn,Restaurant,Experience,,Visited,,Austin,United States,New Braunfels,"295 E San Antonio St, New Braunfels, TX 78130, United States",29.7045847,-98.1234522,I59D9BF3477079C30,Experience_Spots,
Simona's,Restaurant,,,Visited,Breakfast & brunch,Austin,United States,Austin,"2510 S Congress Ave, Austin, TX  78704, United States",30.2375597,-97.7552255,I371CC460E315D7F7,Breakfast___Brunch,
Sip Pho,Restaurant,Fair,,Visited,,Austin,United States,Austin,"512 W 29th St, Austin, TX  78705, United States",30.2953829,-97.7423143,I32985A199FADF481,Fair_Restaurants_,
Slab BBQ & Beer,Restaurant,Fair,,Visited,,Austin,United States,Austin,"9012 Research Blvd, Unit C4, Austin, TX 78758, United States",30.371311,-97.724571,I34E40D6F8CD06A2,Fair_Restaurants_,
Small Victory,Bar,Cool,,Visited,,Austin,United States,Austin,"108 E 7th St, Austin, TX  78701, United States",30.2689051,-97.7415297,ID99C95B3F5B24D3B,Cool_Bars,
Sour Duck Market,Restaurant,Fair,,Visited,,Austin,United States,Austin,"1814 E Martin Luther King Jr Blvd, Austin, TX  78702, United States",30.2798818,-97.7216807,ID803DCCBB9CFFE4,Fair_Restaurants_,
Space Cowboy,Restaurant,Destination,,Visited,,Austin,United States,Austin,"1917 E 7th St, Austin, TX  78702, United States",30.2620558,-97.7213454,ID6F9EDD426EC2AC7,Designation,
Space Kat BBQ,Food truck,,,Visited,,Austin,United States,Austin,"2431 Webberville Rd, Austin, TX 78702, United States",30.262906,-97.7140809,I4AC573B52FDBE83E,Food_Trucks,
Spare Birdie,Outdoors & attraction,,,Visited,,Austin,United States,Cedar Park,"1400 Discovery Blvd, Cedar Park, TX  78613, United States",30.5288216,-97.8209138,I5474AAC4B92A8CDB,Fun_Locations,
Spicy Boys Fried Chicken,Food truck,,,Visited,,Austin,United States,Austin,"1701 E 6th St, Austin, TX  78702, United States",30.2621677,-97.7242311,I3CA2AA7037FC29CB,Food_Trucks,
Spread & Co.,Grocery,Fair,,Visited,Breakfast & brunch,Austin,United States,Austin,"2406 Manor Rd, Austin, TX  78722, United States",30.284933,-97.716884,I3A0B4C2FC819A96B,Breakfast___Brunch; Fair_Restaurants_; Grocery,
Spud Ranch,Restaurant,Fair,,Visited,,Austin,United States,New Braunfels,"118 Common St, New Braunfels, TX 78130, United States",29.7098835,-98.1192252,IA4D4DC94671F3B67,Fair_Restaurants_,
St. Edward's University,Outdoors & attraction,,,Visited,,Austin,United States,Austin,"3001 South Congress, Austin, TX 78704, United States",30.2296212,-97.7550387,ID633E93DA26CCB2E,Fun_Locations,
STAG Provisions for Men,Shop,,,Visited,,Austin,United States,Austin,"1423 S Congress Ave, Austin, TX  78704, United States",30.2489262,-97.7496185,I22209697240B8383,Stores,
Steiner Ranch Steakhouse,Restaurant,Fair,,Visited,,Austin,United States,Austin,"5424 Steiner Ranch Blvd, Austin, TX 78732, United States",30.390152,-97.8717251,I15B8F7368317250B,Fair_Restaurants_,
Stiles Switch BBQ,Restaurant,Fair,,Visited,,Austin,United States,Austin,"6610 N Lamar Blvd, Austin, TX 78752, United States",30.334503,-97.7213638,IB02EC60F61FD2A32,Fair_Restaurants_,
Suerte,Restaurant,Destination,,Visited,,Austin,United States,Austin,"1800 E 6th St, Austin, TX 78702, United States",30.2621145,-97.7233207,IF9F4C91B84DEC0E8,Designation,
Summer on Music Lane,Restaurant,Fair,,Visited,,Austin,United States,Austin,"1101 Music Ln, Austin, TX  78704, United States",30.2526588,-97.747727,IAA7C3E9782A61FFC,Fair_Restaurants_,
Sundancer Grill,Restaurant,Fair,,Visited,,Austin,United States,Lakeway,"16410 Stewart Rd, Lakeway, TX 78734, United States",30.381415,-97.959654,I6016C9546B9925C4,Fair_Restaurants_,
Sunday Bookshop,Outdoors & attraction,,,Visited,,Austin,United States,Dripping Springs,"28101 Ranch Road 12, Dripping Springs, TX  78620, United States",30.1995724,-98.0873969,I29ED4D11FD9A6660,Fun_Locations,
Sushi Warriors,Restaurant,Fair,,Visited,,Austin,United States,Austin,"4600 W Guadalupe St, Unit B5, Austin, TX  78751, United States",30.3148207,-97.733109,IA18B5AA5F0EA9956,Fair_Restaurants_,
Sway,Restaurant,Destination,,Visited,,Austin,United States,West Lake Hills,"3437 Bee Caves Road, West Lake Hills, TX 78746, United States",30.2764276,-97.804091,IE16162F1DB4155D3,Designation,
Sweet Memes,Dessert,,,Visited,,Austin,United States,Austin,"3801 S Congress Ave, Unit 109, Austin, TX  78704, United States",30.2263335,-97.7618695,I8B5173C8D5288043,Dessert,
Taco Flats,Restaurant,Fair,,Visited,,Austin,United States,Austin,"1110 West Lynn St, Austin, TX  78703, United States",30.2800427,-97.7594798,I18BC19106CE467BF,Fair_Restaurants_,
Tavern On Castell,Bar,Cool,,Visited,,Austin,United States,New Braunfels,"208 S Castell Ave, New Braunfels, TX  78130, United States",29.700779,-98.1243421,I32C95BF4B21B2150,Cool_Bars,
Taverna,Restaurant,Fair,,Visited,,Austin,United States,Austin,"258 W 2nd St, Austin, TX  78701, United States",30.2650867,-97.7463485,I2929CC0801339EFD,Fair_Restaurants_,
Techo Mezcaleria & Agave Bar,Bar,Fair,,Visited,,Austin,United States,Austin,"2201 Manor Rd, Austin, TX  78722, United States",30.2840296,-97.718946,IDCB4ADBF92E341BC,Fair_Bars,
Teddy's,Bar,Fair,,Visited,,Austin,United States,Austin,"2200 Manor Rd, Austin, TX  78722, United States",30.284418,-97.7193752,IE1741EBAD291090A,Fair_Bars,
TenTen,Restaurant,Experience,,Visited,,Austin,United States,Austin,"501 W 6th St, Austin, TX  78701, United States",30.2692511,-97.7475719,IECCB2D34F780A49,Experience_Spots,
Terry Black's BBQ,Restaurant,Fair,,Visited,,Austin,United States,Austin,"1003 Barton Springs Rd, Austin, TX  78704, United States",30.2597712,-97.7547826,I4E0FCE12CF3F918B,Fair_Restaurants_,
Texas Keeper Cider,Bar,Fair,,Visited,,Austin,United States,Manchaca,"12521 Twin Creeks Rd, Manchaca, TX 78652, United States",30.1266184,-97.8194324,I823B3AB4CB50C69A,Fair_Bars,
Texas Paintball,Outdoors & attraction,,,Visited,,Austin,United States,Jonestown,"18300 Medina Vista Ln, Jonestown, TX  78645, United States",30.5035519,-97.910344,I1C17D5AB5F74D93B,Fun_Locations,
The Alley,Unclassified,,,Visited,,Austin,United States,Sunset Valley,"5400 Brodie Ln, Ste 1010, Sunset Valley, TX  78745, United States",30.2327385,-97.8205025,I4DF59C658E6DC5ED,Other,
The Austin Club,Outdoors & attraction,,,Visited,,Austin,United States,Austin,"110 E 9th St, Austin, TX  78701, United States",30.2709416,-97.7408389,ICBC65EB0E559E0A4,Fun_Locations,
The Beez Kneez,Bar,Fair,,Visited,,Austin,United States,Austin,"610 Nueces St, Ste 100, Austin, TX  78701, United States",30.2702738,-97.7484756,ID2C95A7B60116625,Fair_Bars,
The Betty,Bar,Cool,,Visited,,Austin,United States,Austin,"510 Rio Grande St, Austin, TX  78701, United States",30.269454,-97.7498866,I8C85E59F5DC464D5,Cool_Bars,
The Carillon,Restaurant,Destination,,Visited,,Austin,United States,Austin,"1900 University Ave, Austin, TX 78705, United States",30.281654,-97.740105,I6A23BFF57AD84925,Designation,
The Concourse Project,Outdoors & attraction,,,Visited,,Austin,United States,Austin,"Building 1 8509 Burleson Rd, Unit 100, Austin, TX 78719, United States",30.1805895,-97.6863325,I4C2EC0245AF1FC95,Fun_Locations,
The Copperhead Club,Bar,Fair,,Visited,,Austin,United States,Austin,"2120 E Riverside Dr, Austin, TX  78741, United States",30.2401665,-97.7262808,IE18D116B59B2346E,Fair_Bars,
The Cornucopia,Grocery,,,Visited,,Austin,United States,San Marcos,"1104 Thorpe Ln, Unit J, San Marcos, TX 78666, United States",29.88617,-97.92493,IC3B205660CE73638,Grocery,
The Cut,Outdoors & attraction,,,Visited,,Austin,United States,Austin,"401 Sabine St, Austin, TX  78701, United States",30.2645243,-97.7365411,IA0CB8DF0E635C414,Fun_Locations,
The Driskill,Hotel,,,Visited,,Austin,United States,Austin,"604 Brazos St, Austin, TX  78701, United States",30.2679755,-97.7416555,I18E19B7BEF8E2462,Hotels,
The Driskill Bar,Bar,Cool,,Visited,,Austin,United States,Austin,"117 E 7th St, Austin, TX  78701, United States",30.2684265,-97.7416062,I14A5CD18F2B53D2D,Cool_Bars,
The Eleanor,Bar,Fair,,Visited,,Austin,United States,Austin,"307 W 5th St, Unit A, Austin, TX 78701, United States",30.2677065,-97.7462686,I90492C69A63707E6,Fair_Bars,
The Escape Game,Outdoors & attraction,,,Visited,,Austin,United States,Austin,"405 Red River St, Austin, TX  78701, United States",30.2647571,-97.7376513,I8B8B73CEFC2E333C,Fun_Locations,
The Flower Shop,Outdoors & attraction,,,Visited,,Austin,United States,Austin,"1300 E 7th St, Austin, TX  78702, United States",30.2651339,-97.728603,I8A794F078E406B0F,Fun_Locations,
The Front Page,Restaurant,,,Visited,Breakfast & brunch,Austin,United States,Austin,"Building 1 1023 Springdale Rd, Suite  F, Austin, TX 78721, United States",30.2673238,-97.6938629,I90A84E2392738F89,Breakfast___Brunch,
The Good Lot,Outdoors & attraction,,,Visited,Food truck,Austin,United States,Cedar Park,"2500 W New Hope Dr, Cedar Park, TX  78613, United States",30.5235786,-97.8648532,ID2829497BD9AA63E,Food_Trucks; Fun_Locations,
The Gramercy,Bar,Cool,,Visited,,Austin,United States,Lakeway,"1516 Ranch Road 620 S, Unit 200, Lakeway, TX  78734, United States",30.3472873,-97.9663646,IEFC9A87DAAC99713,Cool_Bars,
The Grove Wine Bar & Kitchen,Restaurant,Fair,,Not visited,,Austin,United States,Austin,"6317 RM-2244, Ste 380, Austin, TX  78746, United States",30.2960731,-97.8322096,I4B090E867D343844,Fair_Restaurants_; Try_List,TIER+UNVISITED
The Grove Wine Bar & Kitchen,Restaurant,Fair,,Visited,,Austin,United States,Austin,"3001 Ranch Road 620 S, Austin, TX 78738, United States",30.333902,-97.967751,I7677AA89E622F902,Fair_Restaurants_,
The Guest House,Restaurant,Destination,,Visited,,Austin,United States,Austin,"110 San Antonio St, Unit 140, Austin, TX  78701, United States",30.2653458,-97.7491567,I91A40F8387BB823E,Designation,
The Hive,Restaurant,,,Visited,Breakfast & brunch,Austin,United States,Austin,"10542 Menchaca Rd, Austin, TX  78748, United States",30.1652941,-97.8294852,I3546B9640A53BA78,Breakfast___Brunch,
The Kimberly,Restaurant,Experience,,Visited,,Austin,United States,Austin,"200 W 7th St, Ste 100, Austin, TX 78701, United States",30.269187,-97.7442405,I8A5E171E6DBCC147,Experience_Spots,
The Kitchen,Restaurant,Experience,Yes,Visited,,Austin,United States,Austin,"400 W 6th St, Unit 125, Austin, TX  78701, United States",30.2694434,-97.7471022,I177FE60C1C61BCFF,Experience_Spots; Michael_s_Top_Faves,
The Little Darlin',Outdoors & attraction,,,Visited,,Austin,United States,Austin,"6507 Circle S Rd, Austin, TX  78745, United States",30.1944773,-97.7768378,I9E2AB775E3BE4C65,Fun_Locations,
The Local,Restaurant,Fair,,Visited,,Austin,United States,Austin,"9901 Brodie Ln, Unit 120, Austin, TX  78748, United States",30.1849897,-97.8472209,I9E5FC84EE98670CB,Fair_Restaurants_,
The Long Goodbye,Bar,Fair,,Visited,,Austin,United States,Austin,"2808 Manor Rd, Austin, TX  78722, United States",30.2857202,-97.7113937,I91810B3D2C6C36FC,Fair_Bars,
The Natural Gardener,Outdoors & attraction,,,Visited,,Austin,United States,Austin,"8648 Old Bee Caves Rd, Austin, TX  78735, United States",30.2570979,-97.8905493,I73CE377548147861,Fun_Locations,
The Peacock,Restaurant,Experience,,Visited,Breakfast & brunch,Austin,United States,Austin,"600 W 2nd St, Ground Floor, Austin, TX 78701, United States",30.266249,-97.7501378,I2192B4B907C889B8,Breakfast___Brunch; Experience_Spots,
The Picnic,Food truck,,,Visited,,Austin,United States,Austin,"1720 Barton Springs Rd, Austin, TX  78704, United States",30.2635338,-97.7628762,I156C76AEF156AF17,Food_Trucks,
The Roosevelt Room,Bar,Cool,,Visited,,Austin,United States,Austin,"307 W 5th St, Unit B, Austin, TX  78701, United States",30.2677065,-97.7462686,ID2685C8B93D4C73D,Cool_Bars,
The Rose Room,Outdoors & attraction,,,Visited,,Austin,United States,Austin,"11500 Rock Rose Ave, Austin, TX  78758, United States",30.401358,-97.7229167,IC2302B931EF85142,Fun_Locations,
The RSRV,Winery,,,Visited,,Austin,United States,Austin,"3415 E 7th St, Austin, TX  78702, United States",30.2568952,-97.7035562,I4098E5005737177C,Wineries,
The Stay Put,Bar,Fair,,Visited,,Austin,United States,Austin,"73 Rainey St, Austin, TX  78701, United States",30.2582849,-97.7387353,I246195A84AE5D8F0,Fair_Bars,
The UMLAUF Sculpture Garden + Museum,Outdoors & attraction,,,Visited,,Austin,United States,Austin,"605 Azie Morton Rd, Austin, TX  78704, United States",30.2632466,-97.7661324,I2DAC753482623D99,Fun_Locations,
The Well,Restaurant,,,Visited,Breakfast & brunch,Austin,United States,Austin,"440 W 2nd St, Austin, TX  78701, United States",30.2656303,-97.748334,I17922ED5F02B0D36,Breakfast___Brunch,
The Wheel,Bar,Fair,,Visited,,Austin,United States,Austin,"1902-B E MLK Blvd, Austin, TX 78702, United States",30.2801516,-97.7208499,I23304C4A58A03F18,Fair_Bars,
The World of Tennis,Outdoors & attraction,,,Visited,,Austin,United States,Lakeway,"100 World of Tennis Sq, Lakeway, TX  78738, United States",30.351686,-97.9980844,I24349E648962BAAF,Fun_Locations,
Tiger Lilly,Outdoors & attraction,,,Visited,,Austin,United States,Austin,"400 Colorado St, Austin, TX  78701, United States",30.266837,-97.745021,I3E703A9BFDA9853A,Fun_Locations,
Tiki Tatsu-Ya,Restaurant,Fair,,Visited,,Austin,United States,Austin,"1300 S Lamar Blvd, Austin, TX  78704, United States",30.2538354,-97.7633082,IEFC77BB0C3D8738,Fair_Restaurants_,
Tin Top Burger Shop,Restaurant,Fair,,Visited,,Austin,United States,New Braunfels,"283 S Union Ave, Unit 101, New Braunfels, TX  78130, United States",29.7085658,-98.1185425,I864101D4A81AA7D5,Fair_Restaurants_,
Tiniest Bar In Texas,Bar,Fair,,Visited,,Austin,United States,Austin,"817 W 5th St, Austin, TX  78703, United States",30.2695701,-97.7531068,I648ADD9F87A03603,Fair_Bars,
Tiny Grocer / Hyde Park,Grocery,,,Visited,,Austin,United States,Austin,"4300 Speedway, Ste 101, Austin, TX  78751, United States",30.3068877,-97.7299869,IFB4D25018ED676,Grocery,
Tiny Minotaur,Outdoors & attraction,,,Visited,,Austin,United States,Austin,"2701 E Cesar Chavez St, Austin, TX  78702, United States",30.2532195,-97.7140706,I4392F88A98C44F0F,Fun_Locations,
Tiny's Milk & Cookies,Dessert,,,Visited,,Austin,United States,Austin,"1515 W 35th St, Unit C, Austin, TX 78703, United States",30.306582,-97.7503985,I67A302A3F293C536,Dessert,
Toasty Badger,Restaurant,,,Visited,Breakfast & brunch,Austin,United States,Austin,"2206 S Congress Ave, Austin, TX  78704, United States",30.24107,-97.7528939,I5F16AEF04894474E,Breakfast___Brunch,
Topgolf Swing Suite - Austin,Outdoors & attraction,,,Visited,,Austin,United States,Austin,"500 E 4th St, Austin, TX  78701, United States",30.265107,-97.7385981,I1EDAF7348A8D8F59,Fun_Locations,
Toshokan,Restaurant,Destination,,Visited,,Austin,United States,Austin,"807 E 4th St, Austin, TX  78702, United States",30.2635212,-97.734704,IFD434C9854ED714D,Designation,
Trona,Bar,Cool,,Visited,,Austin,United States,Austin,"1812 E 12th St, Austin, TX  78702, United States",30.2738286,-97.7203095,I9F29D6F92791B3D2,Cool_Bars,
Truluck's Ocean's Finest Seafood & Crab,Restaurant,Experience,,Visited,,Austin,United States,Austin,"300 Colorado St, Austin, TX  78701, United States",30.2659617,-97.7452755,IC5DB178375FD7DFE,Experience_Spots,
Tsuke Edomae,Restaurant,Experience,,Visited,,Austin,United States,Austin,"4600 Mueller Blvd, Ste 1035, Austin, TX 78723, United States",30.2987316,-97.7077246,I94D7BFAB269E1C24,Experience_Spots,
Tumble 22,Restaurant,Fair,,Visited,,Austin,United States,Austin,"7211 Burnet Rd, Austin, TX  78757, United States",30.3479586,-97.7353299,I6B87DC3E45DD1A1F,Fair_Restaurants_,
Tumlinson's Smoky Top BBQ,Restaurant,Fair,,Visited,,Austin,United States,Llano,"1009 E Hwy St, Unit 29, Llano, TX 78643, United States",30.7597785,-98.6628807,IB4621F1A9105D8F4,Fair_Restaurants_,
Two Hands,Restaurant,,,Visited,Breakfast & brunch,Austin,United States,Austin,"1011 S Congress Ave, Unit 170, Austin, TX 78704, United States",30.2534975,-97.7479202,I82E626442476F8EE,Breakfast___Brunch,
Uchi,Restaurant,Experience,,Visited,,Austin,United States,Austin,"801 S Lamar Blvd, Austin, TX 78704, United States",30.2575409,-97.7597957,I2E8A9418A5077CA5,Experience_Spots,
Uchibā Austin,Restaurant,Experience,,Not visited,,Austin,United States,Austin,"601 W 2nd St, Austin, TX 78701, United States",30.2658229,-97.7501889,IFAFE34227A96997D,Experience_Spots; Try_List,TIER+UNVISITED
Urban Rooftop,Bar,,,Visited,Rooftop,Austin,United States,Round Rock,"411 W Main St, Round Rock, TX 78681, United States",30.5064591,-97.6823026,I31A8BABE9D757927,Rooftop,
Uroko,Restaurant,Fair,,Visited,,Austin,United States,Austin,"1023 Springdale Rd Bldg 1, Unit 1, Austin, TX  78721, United States",30.2675926,-97.6939273,I786A029EE52A5E36,Fair_Restaurants_,
VanHorn's,Unclassified,,,Not visited,,Austin,United States,Austin,"238 W 2nd St, Austin, TX 78701, United States",30.2650218,-97.7459441,ID449A96199E4055F,Try_List,
Vaudeville,Restaurant,Destination,,Visited,,Austin,United States,Fredericksburg,"230 E Main St, Fredericksburg, TX  78624, United States",30.2734579,-98.8696414,IE5394A1439DA4E3C,Designation,
Veracruz Fonda & Bar,Restaurant,Fair,,Visited,,Austin,United States,Austin,"1905 Aldrich St, Unit 125, Austin, TX 78723, United States",30.2981527,-97.7052194,I92DF04E8224A0EAA,Fair_Restaurants_,
Verbena,Restaurant,Destination,,Visited,,Austin,United States,Austin,"612 W 6th St, Austin, TX  78701, United States",30.2701018,-97.7489977,I556ECEDBD45CF0FE,Designation,
VERDAD True Modern Mexican,Restaurant,Fair,,Visited,,Austin,United States,Austin,"2701 Perseverance Dr, Austin, TX  78731, United States",30.318198,-97.753541,IBF3E0431415CFDF3,Fair_Restaurants_,
Vespaio,Restaurant,Fair,,Visited,,Austin,United States,Austin,"1610 S Congress Ave, Austin, TX  78704, United States",30.2473254,-97.7508395,I11299A1C0D91A46,Fair_Restaurants_,
Vic & Al's,Restaurant,Fair,,Visited,,Austin,United States,Austin,"2406 Manor Rd, Unit D, Austin, TX 78722, United States",30.284946,-97.716934,IB2B5A5F104F43D8C,Fair_Restaurants_,
Vigilante Gastropub and Games,Outdoors & attraction,Fair,,Visited,,Austin,United States,Austin,"7010 Easy Wind Dr, Unit 150, Austin, TX  78752, United States",30.3393495,-97.7183505,I81EFD35B8E164C8,Fair_Restaurants_; Fun_Locations,
Vinaigrette,Restaurant,Fair,,Visited,,Austin,United States,Austin,"2201 College Ave, Austin, TX  78704, United States",30.2412867,-97.75204,IB59695E04A17CAA1,Fair_Restaurants_,
Vince Young Steakhouse,Restaurant,Destination,,Visited,,Austin,United States,Austin,"301 San Jacinto Blvd, Austin, TX 78701, United States",30.2647543,-97.7411732,I15C96E0399760272,Designation,
Watertrade,Bar,Cool,,Visited,,Austin,United States,Austin,"1603 S Congress Ave, Austin, TX  78704, United States",30.2477216,-97.7499188,I47864DED024B859E,Cool_Bars,
Westlake Wine Bar,Winery,,,Visited,,Austin,United States,Austin,"3801 N Capital of Texas Hwy, Unit A-180, Austin, TX 78746, United States",30.3352363,-97.8052819,I9A3FD5A959007184,Wineries,
Wheatsville Food Co-op,Grocery,,,Visited,,Austin,United States,Austin,"3101 Guadalupe St, Austin, TX  78705, United States",30.2975567,-97.7410719,I1AB1B6EE7F784A35,Grocery,
Whipped Bakery & Cafe,Dessert,,,Visited,,Austin,United States,Leander,"15609 Ronald W Reagan Blvd, Unit B220, Leander, TX  78641, United States",30.5634296,-97.8015697,I41417A12D9F2C67B,Dessert,
Whisler's,Bar,Cool,,Visited,Night out,Austin,United States,Austin,"1816 E 6th St, Austin, TX  78702, United States",30.2620048,-97.7226645,I8DA01279493D2E6A,Cool_Bars; Night_Out,
Winston’s,Restaurant,Fair,,Visited,,Austin,United States,Spicewood,"4900 Bee Creek Rd, Spicewood, TX  78669, United States",30.3377805,-98.0275504,I7A0DB3361CFE7E0B,Fair_Restaurants_,
WXYZ Bar,Bar,Fair,,Visited,,Austin,United States,Austin,"6731 Legado Ln, Austin, TX  78749, United States",30.2210277,-97.8326408,I6D6B70A280F5FFA1,Fair_Bars,
Yamas,Restaurant,Destination,,Not visited,,Austin,United States,Austin,"5308 Balcones Dr, Austin, TX  78731, United States",30.3353843,-97.7591451,I7A4B7AFCEEC5436D,Designation; Try_List,TIER+UNVISITED
Yellow Ranger,Bar,Cool,Yes,Visited,,Austin,United States,Austin,"5420 Airport Blvd, Austin, TX  78751, United States",30.3167792,-97.7141192,I812024AA1999701,Cool_Bars; Fair_Bars; Michael_s_Top_Faves,
Zanzibar,Bar,,,Visited,Rooftop,Austin,United States,Austin,"304 E Cesar Chavez St, Unit 700, Austin, TX  78701, United States",30.2627011,-97.7415763,IA346EF020EB29299,Rooftop,
Zhi Tea,Outdoors & attraction,,,Visited,,Austin,United States,Austin,"1023 Springdale Rd, Austin, TX  78721, United States",30.267159,-97.692993,I4B7200F7643DC94A,Fun_Locations,
Zilker Metropolitan Park,Outdoors & attraction,,,Visited,,Austin,United States,Austin,"2100 Barton Springs Rd, Austin, TX 78704, United States",30.2661099,-97.7709389,I72764CDFBAAD7344,Fun_Locations,
Asado Life,Restaurant,Fair,,Visited,,St. Augustine,United States,Saint Augustine,"173 Shipyard Way, Saint Augustine, FL  32084, United States",29.880081,-81.3213694,IB1B4725194161BBE,Fair_Restaurants_,
Bar Harbor Cheesecake Company,Dessert,,,Visited,,St. Augustine,United States,Saint Augustine,"6 Cordova St, Saint Augustine, FL  32084, United States",29.8973157,-81.31493,I5F25928A14CA441D,Dessert,
Cap's On The Water,Restaurant,Destination,,Visited,,St. Augustine,United States,St. Augustine,"4325 Myrtle Street, St. Augustine, FL 32084, United States",29.9550182,-81.3127005,I57C3A1C41580E6E5,Designation,
Castillo Craft Bar + Kitchen,Restaurant,Destination,,Visited,,St. Augustine,United States,Saint Augustine,"6 W Castillo Dr, Saint Augustine, FL 32084, United States",29.89963,-81.315628,IF09EF8D1BEBD4659,Designation,
Chez L'Amour,Restaurant,Destination,,Visited,,St. Augustine,United States,Saint Augustine,"45 San Marco Ave, Saint Augustine, FL  32084, United States",29.9009791,-81.3151962,ICACE5DEAFC1937BD,Designation,
Cookiebird Ice Cream Bar,Dessert,,,Visited,,St. Augustine,United States,Saint Augustine,"138 San Marco Ave, Saint Augustine, FL  32084, United States",29.9056545,-81.3184779,I58BBB2578C150E2A,Dessert,
Cutie Pies Bake Shop,Dessert,,,Visited,,St. Augustine,United States,Saint Augustine,"62 Cuna St, Saint Augustine, FL  32084, United States",29.8958756,-81.3142508,IDD3342E6D48BD860,Dessert,
Grilled Cheese Gallery,Restaurant,Fair,,Visited,,St. Augustine,United States,Saint Augustine,"16 Cathedral Pl, Saint Augustine, FL 32084, United States",29.8928504,-81.3118033,IE704D202275D3849,Fair_Restaurants_,
Kilwins,Dessert,,,Visited,,St. Augustine,United States,Saint Augustine,"140 St George St, Saint Augustine, FL  32084, United States",29.8935284,-81.3130091,I4B644CBABB7724A4,Dessert,
La Nouvelle,Restaurant,Fair,,Visited,,St. Augustine,United States,Saint Augustine,"102 Bridge St, Saint Augustine, FL 32084, United States",29.8887717,-81.3159545,IF0DF9A0D99B55FA8,Fair_Restaurants_,
Llama Restaurant,Restaurant,Experience,,Visited,,St. Augustine,United States,St. Augustine,"415 Anastasia Blvd, St. Augustine, FL 32080, United States",29.8904012,-81.2963301,I530586DBFD9508E1,Experience_Spots,
Lotus Noodle Bar,Restaurant,Fair,,Visited,,St. Augustine,United States,Saint Augustine,"56 Grove Ave, Saint Augustine, FL  32084, United States",29.9002033,-81.3191645,I8B0FF5936F52AA7C,Fair_Restaurants_,
Maracuya by Llama,Restaurant,,,Visited,Breakfast & brunch,St. Augustine,United States,Saint Augustine,"260 W King St, Saint Augustine, FL  32084, United States",29.8906288,-81.3306501,I909C80F549C9E21A,Breakfast___Brunch,
Mayday Ice Cream,Dessert,,,Visited,,St. Augustine,United States,Saint Augustine,"100 St George St, Unit J, Saint Augustine, FL 32084, United States",29.8946539,-81.3133717,I993DAAA7A910DC2E,Dessert,
River & Fort,Restaurant,Fair,,Visited,,St. Augustine,United States,Saint Augustine,"12 Avenida Menendez, Saint Augustine, FL  32084, United States",29.8957594,-81.3115203,IC28C1E64FE110ACF,Fair_Restaurants_,
14 Prime,Unclassified,,,Not visited,,Jacksonville,United States,Jacksonville,"7510 Gate Pkwy, Jacksonville, FL  32256, United States",30.2441619,-81.5208336,I38E6A839EE696146,Try_List,
Black Pearl,Restaurant,Destination,,Not visited,,Jacksonville,United States,Ponte Vedra Beach,"880 SR-A1A N, Ponte Vedra Beach, FL 32082, United States",30.1898106,-81.3817789,I326D76B69B90C6D7,Designation; Try_List,TIER+UNVISITED
Cataluna,Restaurant,Destination,,Not visited,,Jacksonville,United States,Jacksonville,"8206 Philips Hwy, Unit 38, Jacksonville, FL  32256, United States",30.2190802,-81.5871154,I3D1FE1643E660238,Designation; Try_List,TIER+UNVISITED
Coop 303,Restaurant,Fair,,Visited,,Jacksonville,United States,Atlantic Beach,"303 Atlantic Blvd, Atlantic Beach, FL 32233, United States",30.3249897,-81.3972974,I951B60152D8F377,Fair_Restaurants_,
Lynda's at the Ocean Club,Restaurant,Fair,,Visited,,Jacksonville,United States,Ponte Vedra Beach,"3175 S Ponte Vedra Blvd, Ponte Vedra Beach, FL  32082, United States",29.9688989,-81.3097531,I14F59C6A023C392D,Fair_Restaurants_,
O-Ku,Restaurant,Fair,,Visited,,Jacksonville,United States,Jacksonville Beach,"502 First St N, Jacksonville Beach, FL  32250, United States",30.2932986,-81.3906309,IDE7CA0758B2439A7,Fair_Restaurants_,
Sugar Factory,Unclassified,,,Not visited,,Jacksonville,United States,Jacksonville,"4910 Big Island Dr, Jacksonville, FL 32246, United States",30.2529912,-81.5295346,I8D360BAEF0C5A3B2,Try_List,
The Local,Restaurant,,,Visited,Breakfast & brunch,Jacksonville,United States,Neptune Beach,"301 Atlantic Blvd, Neptune Beach, FL  32266, United States",30.3242605,-81.3975166,I3E27E6456E01B16D,Breakfast___Brunch,
Felix,Restaurant,Fair,,Visited,,Los Angeles,United States,Venice,"1023 Abbot Kinney Blvd, Venice, CA 90291, United States",33.9922588,-118.4719008,I4796AB2217D8FEFF,Fair_Restaurants_,
Scopa Italian Roots,Restaurant,Fair,,Visited,,Los Angeles,United States,Venice,"2905 Washington Blvd, Venice, CA 90292, United States",33.9883355,-118.4514631,I20FBB23975602136,Fair_Restaurants_,
UOVO,Restaurant,Fair,Yes,Visited,,Los Angeles,United States,Marina del Rey,"4635 Admiralty Way, Unit 105, Marina del Rey, CA 90292, United States",33.9807838,-118.4415817,IE65AB725F6BB603C,Fair_Restaurants_; Michael_s_Top_Faves,
Verse,Unclassified,,,Not visited,,Los Angeles,United States,Toluca Lake,"4212 Lankershim Blvd, Toluca Lake, CA 91602, United States",34.1462998,-118.3630514,ICA06A8928DEE5AC,Try_List,
Atomic Burger,Restaurant,Fair,,Visited,,Oxfordshire,United Kingdom,Oxford,"92 Cowley Road, Oxford, OX4 1JE, England",51.7485612,-1.2398618,I2E02CC1B1715D310,Fair_Restaurants_,
Cosmo,Restaurant,Fair,Yes,Visited,,Oxfordshire,United Kingdom,Oxford,"8 Magdalen Street, Oxford, OX1 3AD, England",51.7543829,-1.2591738,IE6E896B1B3A4AF2D,Fair_Restaurants_; Michael_s_Top_Faves,
Piccolino,Restaurant,Fair,,Visited,,Oxfordshire,United Kingdom,Henley-on-Thames,"20 Market Place, Henley-On-Thames, RG9 2AH, England",51.5376561,-0.9057516,I98A9296B4A5FD77A,Fair_Restaurants_,
Amazonico,Restaurant,Experience,,Visited,,London,United Kingdom,London,"10 Berkeley Square, London, W1J 6BR, England",51.5095749,-0.144687,I1C87C738C0F4B30E,Experience_Spots,
Field of Dinosaurs,Outdoors & attraction,,,Visited,,Dallas–Fort Worth,United States,Cleburne,"8444 W US Highway 67, Cleburne, TX  76033, United States",32.3061957,-97.5485086,I1DDBC3EA2D3C9D47,Fun_Locations,
Kafi BBQ,Unclassified,,,Not visited,,Dallas–Fort Worth,United States,Irving,"8140 N MacArthur Blvd, Unit 100, Irving, TX  75063, United States",32.9196781,-96.9570601,I18DA2290D6BFE156,Try_List,
Omni Theater,Outdoors & attraction,,,Visited,,Dallas–Fort Worth,United States,Fort Worth,"1600 Gendy St, Fort Worth, TX  76107, United States",32.7439309,-97.369218,IE246C39DDE346ED6,Fun_Locations,
Fernando de Noronha Airport,Unclassified,,,Visited,Vacation,Fernando de Noronha,Brazil,Fernando de Noronha,"Aeroporto de Fernando de Noronha, Rodiva BR-360, 4 Km, Fernando de Noronha - PE, 53990-000, Brasil",-3.8564744,-32.4284219,I65BE5A3A19140D92,Vacation,
Pousada Alamoa,Unclassified,,,Visited,Vacation,Fernando de Noronha,Brazil,Fernando de Noronha,"Rua Alameda Harmônia, 4, Fernando De Noronha - PE, 53990-000, Brazil",-3.847331,-32.412542,IC6CE731272A23DAA,Vacation,
Water Street Waffle Company,Restaurant,,,Visited,Breakfast & brunch,Belton,United States,Belton,"107 Water St, Belton, TX  76513, United States",31.0554975,-97.4637058,ID384B23FF9699C39,Breakfast___Brunch,
Uncommon Coffee,Restaurant,,,Visited,Breakfast & brunch,Essex Junction,United States,Essex Junction,"19 Essex Way, Essex Junction, VT  05452, United States",44.5079905,-73.0808445,I1FBB81F7F58171AD,Breakfast___Brunch,
Garvens Store,Outdoors & attraction,,Yes,Visited,,Mountain Home,United States,Mountain Home,"27304 N. US-83, Mountain Home, TX 78058, United States",30.0677523,-99.6933317,IB18C281197D91D0B,Fun_Locations; Michael_s_Top_Faves,
Roewe Outfitters,Outdoors & attraction,,,Visited,,Rochester,United States,Rochester,"179 County Road 113, Rochester, TX  79544, United States",33.3155345,-99.8062903,I3D52E04DC88188C2,Fun_Locations,
Cesarina,Unclassified,,,Not visited,,San Diego,United States,San Diego,"4161 Voltaire St, San Diego, CA 92107, United States",32.7433292,-117.2345924,IC917B7967FDFB3DA,Try_List,
The Magnolia Pancake Haus,Restaurant,,,Visited,Breakfast & brunch,Schertz,United States,Schertz,"17730 I-35 N, Schertz, TX 78154, United States",29.6020856,-98.2734668,I3DDD3877CC2FF469,Breakfast___Brunch,
Mashiko Japanese Restaurant,Unclassified,,,Not visited,,Seattle,United States,Seattle,"4725 California Ave SW, Seattle, WA  98116, United States",47.5603632,-122.3869796,I8585FBFAB8F0554B,Try_List,
Pivovar,Unclassified,,,Not visited,,Waco,United States,Waco,"320 S Eighth St, Waco, TX  76701, United States",31.5522638,-97.1315678,IB641FB787CEC4C9,Try_List,
The Brasserie at Hotel 1928,Restaurant,Fair,,Visited,,Waco,United States,Waco,"701 Washington Ave, Waco, TX  76701, United States",31.5560758,-97.1348156,ID073E3942AE58BBB,Fair_Restaurants_,
